"PNC Bank, N.A.",Washington,PA,68463,Charleroi,"Pittsburgh-New Castle-Weirton, PA-OH-WV",Speers Branch,N
CFSBANK,Butler,PA,33406,Mars,"Pittsburgh-New Castle-Weirton, PA-OH-WV",Seven Fields Branch,SB
CFSBANK,Washington,PA,147557,Charleroi,"Pittsburgh-New Castle-Weirton, PA-OH-WV",Cfsbank,SB
CFSBANK,Westmoreland,PA,32419,Greensburg,"Pittsburgh-New Castle-Weirton, PA-OH-WV",Hempfield Branch,SB
CFSBANK,Washington,PA,46992,Monongahela,"Pittsburgh-New Castle-Weirton, PA-OH-WV",1220 West Main St Branch,SB
CFSBANK,Westmoreland,PA,46948,Belle Vernon,"Pittsburgh-New Castle-Weirton, PA-OH-WV",1652 Rostraver Road Branch,SB
CFSBANK,Fayette,PA,28658,Connellsville,"Pittsburgh-New Castle-Weirton, PA-OH-WV",205 S Arch St Branch,SB
CFSBANK,Washington,PA,23847,Canonsburg,"Pittsburgh-New Castle-Weirton, PA-OH-WV",Peters Township Branch,SB
CFSBANK,Washington,PA,28126,Washington,"Pittsburgh-New Castle-Weirton, PA-OH-WV",Washington Branch,SB
CFSBANK,Washington,PA,63371,Bentleyville,"Pittsburgh-New Castle-Weirton, PA-OH-WV",919 Main St Branch,SB
Citizens Bank of Pennsylvania,Washington,PA,57842,Charleroi,"Pittsburgh-New Castle-Weirton, PA-OH-WV",Charleroi Branch,SB
