201612140MIA|Dan Crawford
201612140MIA|Brian Forte
201612140MIA|Marat Kogut
201510280OKC|Tony Brown
201510280OKC|Tre Maddox
201510280OKC|Monty McCutchen
201612100WAS|Derrick Collins
201612100WAS|Marc Davis
201612100WAS|Derek Richardson
201603230DEN|Sean Corbin
201603230DEN|Rodney Mott
201603230DEN|Derek Richardson
201601150DEN|Sean Corbin
201601150DEN|Scott Twardoski
201601150DEN|Haywoode Workman
201612300BOS|Pat Fraher
201612300BOS|Monty McCutchen
201612300BOS|Aaron Smith
201701160NYK|Tre Maddox
201701160NYK|Kevin Scott
201701160NYK|Sean Wright
201611140NOP|John Goble
201611140NOP|Marat Kogut
201611140NOP|Leon Wood
201604080ORL|Derrick Stafford
201604080ORL|Josh Tiven
201604080ORL|Leon Wood
201512180MIN|Sean Corbin
201512180MIN|Ron Garretson
201512180MIN|Justin Van Duyne
201503300TOR|Matt Boland
201503300TOR|Dan Crawford
201503300TOR|Pat Fraher
201601180NYK|Karl Lane
201601180NYK|Eric Lewis
201601180NYK|Josh Tiven
201604180OKC|Dan Crawford
201604180OKC|David Guthrie
201604180OKC|Bill Spooner
201505130ATL|Tony Brothers
201505130ATL|Mike Callahan
201505130ATL|Tom Washington
201505080CHI|Tony Brothers
201505080CHI|Mike Callahan
201505080CHI|Eric Lewis
201601210DEN|Mitchell Ervin
201601210DEN|Rodney Mott
201601210DEN|Scott Wall
201611150MIA|Sean Corbin
201611150MIA|Ken Mauer
201611150MIA|Phenizee Ransom
201505100CHI|Scott Foster
201505100CHI|Jason Phillips
201505100CHI|Tom Washington
201701120BRK|Nick Buchert
201701120BRK|Kevin Cutler
201701120BRK|Courtney Kirkland
201604050GSW|Lauren Holtkamp
201604050GSW|Josh Tiven
201604050GSW|Tom Washington
201602250POR|Marc Davis
201602250POR|Kane Fitzgerald
201602250POR|Tyler Ford
201601020UTA|Josh Tiven
201601020UTA|Scott Twardoski
201601020UTA|Sean Wright
201611020MEM|Ron Garretson
201611020MEM|Karl Lane
201611020MEM|Josh Tiven
201612200CHO|Karl Lane
201612200CHO|Ken Mauer
201612200CHO|Scott Twardoski
201612120MIA|Eric Dalen
201612120MIA|Mitchell Ervin
201612120MIA|Tom Washington
201604090SAC|Mike Callahan
201604090SAC|Pat Fraher
201604090SAC|Haywoode Workman
201602010IND|Brent Barnaky
201602010IND|Monty McCutchen
201602010IND|Haywoode Workman
201610260MEM|Kane Fitzgerald
201610260MEM|Derrick Stafford
201610260MEM|Dedric Taylor
201601020GSW|Mark Ayotte
201601020GSW|James Capers
201601020GSW|Justin Van Duyne
201510300ATL|Jason Phillips
201510300ATL|Dedric Taylor
201510300ATL|Scott Wall
201512050TOR|David Guthrie
201512050TOR|Eric Lewis
201512050TOR|Zach Zarba
201601250UTA|Bill Kennedy
201601250UTA|Aaron Smith
201601250UTA|Josh Tiven
201612090OKC|Ken Mauer
201612090OKC|Michael Smith
201612090OKC|Haywoode Workman
201512280UTA|Steve Anderson
201512280UTA|Matt Boland
201512280UTA|Scott Foster
201511160MEM|Dan Crawford
201511160MEM|Gediminas Petraitis
201511160MEM|Scott Wall
201503120SAS|Eric Lewis
201503120SAS|Derrick Stafford
201503120SAS|Dedric Taylor
201611040BRK|Tony Brown
201611040BRK|Jason Phillips
201611040BRK|Scott Wall
201511020BRK|Mitchell Ervin
201511020BRK|Monty McCutchen
201511020BRK|Gary Zielinski
201503220BOS|Tony Brown
201503220BOS|Bennett Salvatore
201503220BOS|Scott Twardoski
201503150OKC|Dan Crawford
201503150OKC|David Jones
201503150OKC|Karl Lane
201602030OKC|Brian Forte
201602030OKC|Josh Tiven
201602030OKC|Scott Twardoski
201602050ATL|Kevin Cutler
201602050ATL|Leroy Richardson
201602050ATL|Tom Washington
201612260BRK|Michael Smith
201612260BRK|Justin Van Duyne
201612260BRK|Sean Wright
201506070GSW|Tony Brothers
201506070GSW|Scott Foster
201506070GSW|Zach Zarba
201701080POR|Brian Forte
201701080POR|Kevin Scott
201701080POR|Leon Wood
201503300PHI|Marc Davis
201503300PHI|Leroy Richardson
201503300PHI|Scott Twardoski
201701050TOR|Kane Fitzgerald
201701050TOR|Aaron Smith
201701050TOR|Tom Washington
201511180UTA|Kane Fitzgerald
201511180UTA|Jason Phillips
201511180UTA|Dedric Taylor
201601180CHO|Mark Lindsay
201601180CHO|Jason Phillips
201601180CHO|Leon Wood
201602240MIA|Tony Brothers
201602240MIA|Tony Brown
201602240MIA|Tre Maddox
201505090WAS|Joe Crawford
201505090WAS|Bennett Salvatore
201505090WAS|Zach Zarba
201701140PHO|Nick Buchert
201701140PHO|Dan Crawford
201701140PHO|Marat Kogut
201511140GSW|Mitchell Ervin
201511140GSW|Monty McCutchen
201511140GSW|James Williams
201504100DET|Brent Barnaky
201504100DET|Monty McCutchen
201504100DET|Eli Roe
201611130OKC|Brent Barnaky
201611130OKC|Curtis Blair
201611130OKC|James Capers
201612290CHO|Curtis Blair
201612290CHO|Kevin Scott
201612290CHO|Zach Zarba
201602060IND|Curtis Blair
201602060IND|Nick Buchert
201602060IND|Zach Zarba
201612030CHO|Marc Davis
201612030CHO|Scott Twardoski
201612030CHO|Gary Zielinski
201510280SAC|Lauren Holtkamp
201510280SAC|Courtney Kirkland
201510280SAC|Sean Wright
201503310LAC|Scott Foster
201503310LAC|David Guthrie
201503310LAC|Karl Lane
201512120CHI|Eric Dalen
201512120CHI|Monty McCutchen
201512120CHI|Leroy Richardson
201611020BOS|Marat Kogut
201611020BOS|Ken Mauer
201611020BOS|Gary Zielinski
201601130BOS|Tony Brothers
201601130BOS|Scott Wall
201601130BOS|Leon Wood
201612090MIL|Karl Lane
201612090MIL|Dedric Taylor
201612090MIL|Sean Wright
201602040PHO|Derrick Collins
201602040PHO|Marat Kogut
201602040PHO|Derrick Stafford
201512180CHI|Steve Anderson
201512180CHI|James Capers
201512180CHI|Gary Zielinski
201504130LAC|Bennie Adams
201504130LAC|Kevin Scott
201504130LAC|Ben Taylor
201512220MIA|Eric Lewis
201512220MIA|Aaron Smith
201512220MIA|Bill Spooner
201503250DEN|Kevin Cutler
201503250DEN|Eric Lewis
201503250DEN|Ed Malloy
201512010POR|Marat Kogut
201512010POR|Ken Mauer
201512010POR|Michael Smith
201612010UTA|Courtney Kirkland
201612010UTA|Ed Malloy
201612010UTA|Gediminas Petraitis
201610280TOR|Ken Mauer
201610280TOR|Michael Smith
201610280TOR|Josh Tiven
201603310HOU|Kevin Cutler
201603310HOU|Rodney Mott
201603310HOU|Bill Spooner
201603180LAL|Pat Fraher
201603180LAL|David Jones
201603180LAL|Derek Richardson
201503180MIA|Kane Fitzgerald
201503180MIA|Ed Malloy
201503180MIA|Justin Van Duyne
201601220ORL|Kevin Cutler
201601220ORL|Scott Foster
201601220ORL|David Jones
201601080PHO|Brent Barnaky
201601080PHO|Marc Davis
201601080PHO|Ben Taylor
201511300CHI|Matt Boland
201511300CHI|Leon Wood
201511300CHI|Zach Zarba
201603250WAS|Mike Callahan
201603250WAS|Josh Tiven
201603250WAS|Justin Van Duyne
201601120LAL|James Capers
201601120LAL|J.T. Orr
201601120LAL|Leroy Richardson
201512070CHI|Mark Ayotte
201512070CHI|Tony Brothers
201512070CHI|Eli Roe
201612180WAS|Mike Callahan
201612180WAS|Marat Kogut
201612180WAS|James Williams
201512020DET|Derrick Collins
201512020DET|Courtney Kirkland
201512020DET|Justin Van Duyne
201504230MIL|Brian Forte
201504230MIL|Ed Malloy
201504230MIL|Ken Mauer
201604100NYK|Bill Kennedy
201604100NYK|Eric Lewis
201604100NYK|Leon Wood
201610280OKC|Leroy Richardson
201610280OKC|Justin Van Duyne
201610280OKC|Zach Zarba
201612170MIN|Eric Dalen
201612170MIN|Kevin Scott
201612170MIN|Bill Spooner
201611140UTA|Dan Crawford
201611140UTA|Kevin Scott
201611140UTA|C.J. Washington
201610290SAC|Tony Brothers
201610290SAC|Ron Garretson
201610290SAC|Lauren Holtkamp
201512250HOU|Derrick Collins
201512250HOU|Jason Phillips
201512250HOU|Gary Zielinski
201604100PHI|Steve Anderson
201604100PHI|Kevin Scott
201604100PHI|Derrick Stafford
201511110DAL|Dan Crawford
201511110DAL|Josh Tiven
201511110DAL|Leon Wood
201701070CHI|Bennie Adams
201701070CHI|Derrick Collins
201701070CHI|Mitchell Ervin
201511040HOU|Scott Foster
201511040HOU|Mark Lindsay
201511040HOU|Brett Nansel
201603190SAS|Dan Crawford
201603190SAS|Eric Lewis
201603190SAS|Ben Taylor
201601120MIL|Michael Smith
201601120MIL|Dedric Taylor
201601120MIL|Josh Tiven
201503040MIA|Nick Buchert
201503040MIA|Dan Crawford
201503040MIA|Dedric Taylor
201604110NOP|Nick Buchert
201604110NOP|Scott Foster
201604110NOP|Derek Richardson
201611190NOP|Curtis Blair
201611190NOP|Tony Brown
201611190NOP|Eric Lewis
201512010BRK|Eric Lewis
201512010BRK|Mark Lindsay
201512010BRK|Tre Maddox
201601260LAL|Kevin Cutler
201601260LAL|Kane Fitzgerald
201601260LAL|Sean Wright
201603070NOP|Mike Callahan
201603070NOP|Eric Dalen
201603070NOP|Justin Van Duyne
201602050UTA|David Jones
201602050UTA|Monty McCutchen
201602050UTA|J.T. Orr
201701170LAL|Marat Kogut
201701170LAL|Ed Malloy
201701170LAL|Josh Tiven
201601260MIL|Bennie Adams
201601260MIL|John Goble
201601260MIL|Lauren Holtkamp
201611040NOP|Mitchell Ervin
201611040NOP|Derrick Stafford
201611040NOP|James Williams
201504180TOR|Monty McCutchen
201504180TOR|Derrick Stafford
201504180TOR|Josh Tiven
201604270MIA|Kane Fitzgerald
201604270MIA|Jason Phillips
201604270MIA|Derrick Stafford
201603110MEM|Eric Lewis
201603110MEM|Eli Roe
201603110MEM|Sean Wright
201504230NOP|Kane Fitzgerald
201504230NOP|Scott Foster
201504230NOP|Derrick Stafford
201601200NYK|Kane Fitzgerald
201601200NYK|Tyler Ford
201601200NYK|John Goble
201512140DET|Mitchell Ervin
201512140DET|Kane Fitzgerald
201512140DET|Pat Fraher
201611300PHO|Ron Garretson
201611300PHO|Bill Spooner
201611300PHO|Haywoode Workman
201602230DEN|Kane Fitzgerald
201602230DEN|Eli Roe
201602230DEN|Sean Wright
201510280DET|Joe Crawford
201510280DET|Justin Van Duyne
201510280DET|Scott Wall
201612100ORL|Leroy Richardson
201612100ORL|Ben Taylor
201612100ORL|Tom Washington
201602210CHI|Scott Foster
201602210CHI|David Guthrie
201602210CHI|Ben Taylor
201603130BRK|Tony Brown
201603130BRK|Eric Dalen
201603130BRK|Derrick Stafford
201511030NOP|Brent Barnaky
201511030NOP|Ron Garretson
201511030NOP|Tre Maddox
201503150LAC|Brent Barnaky
201503150LAC|Brian Forte
201503150LAC|Monty McCutchen
201701080MIL|Curtis Blair
201701080MIL|Nick Buchert
201701080MIL|Jason Phillips
201603220OKC|Mark Ayotte
201603220OKC|James Capers
201603220OKC|Rodney Mott
201512300CHI|Curtis Blair
201512300CHI|Eric Lewis
201512300CHI|Jason Phillips
201612210UTA|Mitchell Ervin
201612210UTA|Derrick Stafford
201612210UTA|Josh Tiven
201511170DET|David Jones
201511170DET|Aaron Smith
201511170DET|Michael Smith
201511300MIA|Steve Anderson
201511300MIA|James Capers
201511300MIA|James Williams
201701130HOU|Eric Dalen
201701130HOU|Tom Washington
201701130HOU|James Williams
201504050CLE|Dan Crawford
201504050CLE|David Jones
201504050CLE|Eli Roe
201701030PHI|James Capers
201701030PHI|Karl Lane
201701030PHI|Rodney Mott
201505110WAS|John Goble
201505110WAS|Ed Malloy
201505110WAS|Ken Mauer
201603280CHI|David Jones
201603280CHI|Ed Malloy
201603280CHI|J.T. Orr
201512050PHI|Mike Callahan
201512050PHI|Mark Lindsay
201512050PHI|Kevin Scott
201611010CLE|Kevin Cutler
201611010CLE|Courtney Kirkland
201611010CLE|Sean Wright
201505240CLE|Tony Brothers
201505240CLE|John Goble
201505240CLE|Ed Malloy
201603090MIL|Pat Fraher
201603090MIL|Ron Garretson
201603090MIL|Marat Kogut
201605160GSW|Monty McCutchen
201605160GSW|Derrick Stafford
201605160GSW|Tom Washington
201512090PHO|Ron Garretson
201512090PHO|Leon Wood
201512090PHO|Gary Zielinski
201611100MIA|Brent Barnaky
201611100MIA|Marc Davis
201611100MIA|Lauren Holtkamp
201602190MEM|Mark Ayotte
201602190MEM|Ed Malloy
201602190MEM|Gediminas Petraitis
201602190MEM|Zach Zarba
201611060DAL|Nick Buchert
201611060DAL|Justin Van Duyne
201611060DAL|Tom Washington
201512230IND|Ed Malloy
201512230IND|Dedric Taylor
201512230IND|Josh Tiven
201601230MIN|Tony Brown
201601230MIN|Tyler Ford
201601230MIN|Ken Mauer
201604020SAS|David Guthrie
201604020SAS|Courtney Kirkland
201604020SAS|Bill Spooner
201511060IND|Marc Davis
201511060IND|Karl Lane
201511060IND|Mark Lindsay
201503240MIL|Courtney Kirkland
201503240MIL|Jason Phillips
201503240MIL|Justin Van Duyne
201511160CHI|John Goble
201511160CHI|Michael Smith
201511160CHI|Haywoode Workman
201511200GSW|Brent Barnaky
201511200GSW|Jason Phillips
201511200GSW|Derek Richardson
201701040LAC|Steve Anderson
201701040LAC|Michael Smith
201701040LAC|Sean Wright
201612030POR|Bennie Adams
201612030POR|Tre Maddox
201612030POR|Ken Mauer
201511160SAS|Mark Ayotte
201511160SAS|Mike Callahan
201511160SAS|Tyler Ford
201612060UTA|Tony Brothers
201612060UTA|Kevin Scott
201612060UTA|Ben Taylor
201503240DET|Curtis Blair
201503240DET|Kane Fitzgerald
201503240DET|Bill Spooner
201601250MEM|Ron Garretson
201601250MEM|David Guthrie
201601250MEM|J.T. Orr
201503270NYK|Tre Maddox
201503270NYK|Leroy Richardson
201503270NYK|Sean Wright
201604170CLE|Leroy Richardson
201604170CLE|Derrick Stafford
201604170CLE|Zach Zarba
201612220MIA|Mark Lindsay
201612220MIA|Ed Malloy
201612220MIA|Aaron Smith
201612020BOS|Tony Brown
201612020BOS|J.T. Orr
201612020BOS|Jason Phillips
201603110OKC|Bennie Adams
201603110OKC|Mike Callahan
201603110OKC|Kevin Cutler
201612010CHO|Kane Fitzgerald
201612010CHO|Karl Lane
201612010CHO|James Williams
201511060PHO|Matt Boland
201511060PHO|Eli Roe
201511060PHO|Zach Zarba
201602030LAC|Derrick Collins
201602030LAC|Scott Foster
201602030LAC|Lauren Holtkamp
201611160OKC|Jason Phillips
201611160OKC|Leroy Richardson
201611160OKC|Aaron Smith
201601180LAC|Dan Crawford
201601180LAC|J.T. Orr
201601180LAC|James Williams
201604230POR|Tony Brothers
201604230POR|Scott Foster
201604230POR|Tom Washington
201612080MEM|J.T. Orr
201612080MEM|Josh Tiven
201612080MEM|Tom Washington
201611250DEN|Mark Ayotte
201611250DEN|Ed Malloy
201611250DEN|Gediminas Petraitis
201511240POR|Marc Davis
201511240POR|Karl Lane
201511240POR|Leroy Richardson
201504030BRK|Scott Foster
201504030BRK|David Guthrie
201504030BRK|Eli Roe
201512200ORL|Eric Lewis
201512200ORL|J.T. Orr
201512200ORL|Bill Spooner
201611280WAS|Tony Brothers
201611280WAS|Eric Lewis
201611280WAS|Leon Wood
201503030CHI|Courtney Kirkland
201503030CHI|Tre Maddox
201503030CHI|Tom Washington
201601080NOP|Mike Callahan
201601080NOP|Tyler Ford
201601080NOP|David Jones
201505150WAS|James Capers
201505150WAS|Monty McCutchen
201505150WAS|Derrick Stafford
201603300DAL|Eric Dalen
201603300DAL|Scott Foster
201603300DAL|Justin Van Duyne
201602010BRK|Kevin Cutler
201602010BRK|Eric Lewis
201602010BRK|Mark Lindsay
201612230DEN|Derrick Collins
201612230DEN|Eric Lewis
201612230DEN|Justin Van Duyne
201511130DAL|Bennie Adams
201511130DAL|Ed Malloy
201511130DAL|Scott Twardoski
201504240DAL|Mike Callahan
201504240DAL|Michael Smith
201504240DAL|Tom Washington
201611300MIN|Dan Crawford
201611300MIN|Eric Lewis
201611300MIN|Vladimir Voyard-Tadal
201604080DEN|Eric Dalen
201604080DEN|Ken Mauer
201604080DEN|Gary Zielinski
201512120BRK|Tony Brown
201512120BRK|John Goble
201512120BRK|J.T. Orr
201602260PHI|David Jones
201602260PHI|Justin Van Duyne
201602260PHI|Zach Zarba
201511110HOU|Bennie Adams
201511110HOU|Lauren Holtkamp
201511110HOU|Sean Wright
201604220BOS|Marc Davis
201604220BOS|Eric Lewis
201604220BOS|Zach Zarba
201611300OKC|Curtis Blair
201611300OKC|Tony Brown
201611300OKC|Brian Forte
201611230PHI|Nick Buchert
201611230PHI|Pat Fraher
201611230PHI|Derek Richardson
201602190ORL|Derrick Collins
201602190ORL|Ken Mauer
201602190ORL|Haywoode Workman
201701190MIA|Sean Corbin
201701190MIA|Michael Smith
201701190MIA|Dedric Taylor
201504010MIL|Mark Ayotte
201504010MIL|Bill Kennedy
201504010MIL|Scott Twardoski
201612080WAS|Tony Brown
201612080WAS|Courtney Kirkland
201612080WAS|Justin Van Duyne
201504030MEM|Pat Fraher
201504030MEM|Monty McCutchen
201504030MEM|Kevin Scott
201504110POR|Dan Crawford
201504110POR|Dedric Taylor
201504110POR|Scott Wall
201603090DAL|David Jones
201603090DAL|Derrick Stafford
201603090DAL|Justin Van Duyne
201612270LAL|Sean Corbin
201612270LAL|Kevin Cutler
201612270LAL|Courtney Kirkland
201611110PHI|Matt Boland
201611110PHI|James Capers
201611110PHI|Tyler Ford
201503240SAC|John Goble
201503240SAC|J.T. Orr
201503240SAC|Leon Wood
201512230BRK|Tony Brothers
201512230BRK|Mark Lindsay
201512230BRK|Justin Van Duyne
201512110DEN|Mark Ayotte
201512110DEN|Justin Van Duyne
201512110DEN|Zach Zarba
201611050PHI|Mike Callahan
201611050PHI|Brett Nansel
201611050PHI|Gary Zielinski
201701070MIN|Bill Kennedy
201701070MIN|Mark Lindsay
201701070MIN|Gary Zielinski
201603240LAC|Tony Brown
201603240LAC|Marat Kogut
201603240LAC|Bill Spooner
201511040MIL|Steve Anderson
201511040MIL|Derrick Collins
201511040MIL|Michael Smith
201701160PHO|Derrick Collins
201701160PHO|Rodney Mott
201701160PHO|Haywoode Workman
201512100BRK|Kevin Cutler
201512100BRK|Rodney Mott
201512100BRK|Sean Wright
201605230TOR|David Guthrie
201605230TOR|Monty McCutchen
201605230TOR|Derrick Stafford
201503010BOS|James Capers
201503010BOS|Mark Lindsay
201503010BOS|Violet Palmer
201604220DET|Monty McCutchen
201604220DET|Jason Phillips
201604220DET|Michael Smith
201701140UTA|Curtis Blair
201701140UTA|Kane Fitzgerald
201701140UTA|Karl Lane
201612030MEM|Mitchell Ervin
201612030MEM|Brian Forte
201612030MEM|Derrick Stafford
201701130POR|Derrick Collins
201701130POR|J.T. Orr
201701130POR|Bill Spooner
201601250SAC|Steve Anderson
201601250SAC|Kane Fitzgerald
201601250SAC|Zach Zarba
201601280WAS|Bennie Adams
201601280WAS|Ken Mauer
201601280WAS|Gediminas Petraitis
201604130CLE|Eric Dalen
201604130CLE|Jason Phillips
201604130CLE|Michael Smith
201512210LAC|Nick Buchert
201512210LAC|Ron Garretson
201512210LAC|John Goble
201603050WAS|Kevin Cutler
201603050WAS|Kane Fitzgerald
201603050WAS|Tom Washington
201611090SAS|Eric Dalen
201611090SAS|Scott Foster
201611090SAS|Courtney Kirkland
201612230MEM|Dan Crawford
201612230MEM|Ron Garretson
201612230MEM|C.J. Washington
201612170ATL|Kevin Cutler
201612170ATL|Michael Smith
201612170ATL|Zach Zarba
201602030DAL|Eric Lewis
201602030DAL|Ben Taylor
201602030DAL|Tom Washington
201601130WAS|Dan Crawford
201601130WAS|Mitchell Ervin
201601130WAS|Bill Kennedy
201510310WAS|Kevin Scott
201510310WAS|Zach Zarba
201510310WAS|Gary Zielinski
201504290ATL|David Jones
201504290ATL|Monty McCutchen
201504290ATL|James Williams
201512090DAL|Mike Callahan
201512090DAL|Derrick Collins
201512090DAL|Tre Maddox
201512090DAL|Ed Malloy
201504110MIA|Steve Anderson
201504110MIA|James Capers
201504110MIA|David Guthrie
201503040LAC|Scott Foster
201503040LAC|David Guthrie
201503040LAC|Gary Zielinski
201603180NOP|Nick Buchert
201603180NOP|Eric Lewis
201603180NOP|Gediminas Petraitis
201503100LAL|James Capers
201503100LAL|Kevin Scott
201503100LAL|Michael Smith
201603090CHO|Mitchell Ervin
201603090CHO|Courtney Kirkland
201603090CHO|Scott Wall
201512180SAS|Brian Forte
201512180SAS|Ed Malloy
201512180SAS|Leroy Richardson
201603300LAL|James Capers
201603300LAL|Derrick Collins
201603300LAL|J.T. Orr
201603010GSW|Marc Davis
201603010GSW|Leroy Richardson
201603010GSW|Haywoode Workman
201611280GSW|Bennie Adams
201611280GSW|Mark Lindsay
201611280GSW|J.T. Orr
201603040TOR|Lauren Holtkamp
201603040TOR|Eric Lewis
201603040TOR|Scott Wall
201511250SAS|Dan Crawford
201511250SAS|David Jones
201511250SAS|Haywoode Workman
201612100CHI|Kevin Cutler
201612100CHI|Rodney Mott
201612100CHI|Josh Tiven
201611160BOS|Steve Anderson
201611160BOS|James Capers
201611160BOS|Pat Fraher
201602060MEM|John Goble
201602060MEM|Tre Maddox
201602060MEM|James Williams
201512130OKC|Matt Boland
201512130OKC|Lauren Holtkamp
201512130OKC|Ed Malloy
201701020CHI|Marc Davis
201701020CHI|Ron Garretson
201701020CHI|Marat Kogut
201511160PHI|Mark Lindsay
201511160PHI|J.T. Orr
201511160PHI|Sean Wright
201512050HOU|Mark Ayotte
201512050HOU|Dan Crawford
201512050HOU|Lauren Holtkamp
201610300PHO|Nick Buchert
201610300PHO|Ed Malloy
201610300PHO|Gediminas Petraitis
201602260TOR|James Capers
201602260TOR|David Guthrie
201602260TOR|Ben Taylor
201510280TOR|Bennie Adams
201510280TOR|Ken Mauer
201510280TOR|Leroy Richardson
201604160ATL|James Capers
201604160ATL|Derrick Collins
201604160ATL|Rodney Mott
201601050ATL|Matt Boland
201601050ATL|John Goble
201601050ATL|Marat Kogut
201611020ATL|John Goble
201611020ATL|J.T. Orr
201611020ATL|Jason Phillips
201604010MIL|Matt Boland
201604010MIL|Kane Fitzgerald
201604010MIL|Jason Phillips
201604110ORL|Gediminas Petraitis
201604110ORL|Scott Wall
201604110ORL|Tom Washington
201602060GSW|Derrick Collins
201602060GSW|Dan Crawford
201602060GSW|J.T. Orr
201602290BOS|Matt Boland
201602290BOS|David Jones
201602290BOS|Zach Zarba
201603300UTA|Kane Fitzgerald
201603300UTA|Jason Phillips
201603300UTA|Scott Wall
201612020NYK|Brent Barnaky
201612020NYK|Kevin Cutler
201612020NYK|Monty McCutchen
201511060ORL|Mark Ayotte
201511060ORL|Eric Dalen
201511060ORL|Brian Forte
201612200MEM|Mike Callahan
201612200MEM|Jacyn Goble
201612200MEM|Ben Taylor
201603060DEN|Dan Crawford
201603060DEN|David Guthrie
201603060DEN|Scott Twardoski
201503010HOU|Tony Brown
201503010HOU|Dan Crawford
201503010HOU|Michael Smith
201610300MIA|Kevin Cutler
201610300MIA|Leroy Richardson
201610300MIA|Sean Wright
201601080LAL|Bennie Adams
201601080LAL|Tre Maddox
201601080LAL|Ken Mauer
201611120TOR|Matt Boland
201611120TOR|Scott Foster
201611120TOR|Jacyn Goble
201503250CHO|Nick Buchert
201503250CHO|Jason Phillips
201503250CHO|Derek Richardson
201510300DET|Bennie Adams
201510300DET|Marat Kogut
201510300DET|Ken Mauer
201612120LAC|Nick Buchert
201612120LAC|Tyler Ford
201612120LAC|Jason Phillips
201611190MIL|J.T. Orr
201611190MIL|Jason Phillips
201611190MIL|Michael Smith
201601260IND|Ron Garretson
201601260IND|David Jones
201601260IND|Justin Van Duyne
201504220LAC|Joe Crawford
201504220LAC|Ron Garretson
201504220LAC|Sean Wright
201512290HOU|John Goble
201512290HOU|Mark Lindsay
201512290HOU|Justin Van Duyne
201701150MEM|Tony Brown
201701150MEM|Mike Callahan
201701150MEM|Derek Richardson
201611110POR|Ken Mauer
201611110POR|Leroy Richardson
201611110POR|Ben Taylor
201601060BOS|James Capers
201601060BOS|Bill Kennedy
201601060BOS|Derek Richardson
201601070HOU|Pat Fraher
201601070HOU|Courtney Kirkland
201601070HOU|Haywoode Workman
201611250MIL|Pat Fraher
201611250MIL|Bill Kennedy
201611250MIL|Ben Taylor
201603070CLE|Bennie Adams
201603070CLE|Kevin Cutler
201603070CLE|Ron Garretson
201602030UTA|Bennie Adams
201602030UTA|Bill Spooner
201602030UTA|Dedric Taylor
201604090MEM|Tre Maddox
201604090MEM|Jason Phillips
201604090MEM|James Williams
201503140UTA|Marc Davis
201503140UTA|Eli Roe
201503140UTA|Scott Wall
201611160PHI|Eric Dalen
201611160PHI|Derrick Stafford
201611160PHI|Vladimir Voyard-Tadal
201601200POR|Dan Crawford
201601200POR|Gediminas Petraitis
201601200POR|James Williams
201511280CLE|Derrick Collins
201511280CLE|Scott Foster
201511280CLE|Derek Richardson
201612200HOU|Matt Boland
201612200HOU|Tony Brothers
201612200HOU|Gary Zielinski
201504040TOR|Brent Barnaky
201504040TOR|Scott Wall
201504040TOR|Tom Washington
201503160DAL|James Capers
201503160DAL|Eric Lewis
201503160DAL|Kevin Scott
201601100HOU|Lauren Holtkamp
201601100HOU|Monty McCutchen
201601100HOU|Josh Tiven
201612200MIA|Mark Ayotte
201612200MIA|Gediminas Petraitis
201612200MIA|James Williams
201612050NOP|Tony Brown
201612050NOP|Justin Van Duyne
201612050NOP|James Williams
201612060MEM|Marat Kogut
201612060MEM|Jason Phillips
201612060MEM|Michael Smith
201503310BRK|Mark Lindsay
201503310BRK|Leon Wood
201503310BRK|Zach Zarba
201611300CHI|Scott Foster
201611300CHI|Marat Kogut
201611300CHI|Gary Zielinski
201512010NOP|Mitchell Ervin
201512010NOP|Ed Malloy
201512010NOP|James Williams
201602060SAS|Sean Corbin
201602060SAS|Leroy Richardson
201602060SAS|Gary Zielinski
201504010OKC|Joe Crawford
201504010OKC|Leroy Richardson
201504010OKC|Josh Tiven
201511180ORL|Derrick Collins
201511180ORL|Monty McCutchen
201511180ORL|Eli Roe
201601150NOP|Derrick Collins
201601150NOP|Marat Kogut
201601150NOP|Derrick Stafford
201602270NOP|Marat Kogut
201602270NOP|Josh Tiven
201602270NOP|Zach Zarba
201602050CHO|Eric Dalen
201602050CHO|John Goble
201602050CHO|Justin Van Duyne
201511110CHO|Brent Barnaky
201511110CHO|Ron Garretson
201511110CHO|David Jones
201504120IND|Courtney Kirkland
201504120IND|Marat Kogut
201504120IND|Ed Malloy
201602050CLE|Steve Anderson
201602050CLE|Bill Spooner
201602050CLE|James Williams
201604240DET|Marc Davis
201604240DET|Bill Kennedy
201604240DET|Courtney Kirkland
201511140WAS|Tony Brown
201511140WAS|John Goble
201511140WAS|Haywoode Workman
201511230MIN|Tony Brothers
201511230MIN|Michael Smith
201511230MIN|Haywoode Workman
201511180CHO|John Goble
201511180CHO|Eric Lewis
201511180CHO|Aaron Smith
201611210MIL|Karl Lane
201611210MIL|Justin Van Duyne
201611210MIL|Tom Washington
201504140IND|Eric Lewis
201504140IND|Tom Washington
201504140IND|Haywoode Workman
201612280ATL|Monty McCutchen
201612280ATL|Aaron Smith
201612280ATL|James Williams
201611080POR|Steve Anderson
201611080POR|Rodney Mott
201611080POR|Josh Tiven
201605080ATL|Bennie Adams
201605080ATL|Marc Davis
201605080ATL|Jason Phillips
201610300HOU|Matt Boland
201610300HOU|Ken Mauer
201610300HOU|Derek Richardson
201612160UTA|Scott Foster
201612160UTA|Leon Wood
201612160UTA|Gary Zielinski
201611210WAS|Rodney Mott
201611210WAS|Derek Richardson
201611210WAS|Michael Smith
201612260LAC|Eric Dalen
201612260LAC|Ron Garretson
201612260LAC|Tre Maddox
201701100HOU|Marc Davis
201701100HOU|Rodney Mott
201701100HOU|Justin Van Duyne
201503070NOP|Dan Crawford
201503070NOP|David Guthrie
201503070NOP|Gary Zielinski
201604030HOU|Brian Forte
201604030HOU|Ken Mauer
201604030HOU|Eli Roe
201701020MIL|Kane Fitzgerald
201701020MIL|Lauren Holtkamp
201701020MIL|Josh Tiven
201701100SAS|Brian Forte
201701100SAS|Bill Spooner
201701100SAS|Scott Twardoski
201601100LAC|Brent Barnaky
201601100LAC|Marc Davis
201601100LAC|Leon Wood
201511220NOP|Pat Fraher
201511220NOP|Rodney Mott
201511220NOP|Eli Roe
201511100TOR|Tony Brown
201511100TOR|Tyler Ford
201511100TOR|Ed Malloy
201602040DET|Sean Corbin
201602040DET|Mitchell Ervin
201602040DET|Rodney Mott
201701010MIN|Courtney Kirkland
201701010MIN|Bill Spooner
201701010MIN|Justin Van Duyne
201503020BRK|Nick Buchert
201503020BRK|Jason Phillips
201503020BRK|Haywoode Workman
201605030TOR|Monty McCutchen
201605030TOR|Jason Phillips
201605030TOR|Josh Tiven
201602190OKC|Matt Boland
201602190OKC|James Capers
201602190OKC|Pat Fraher
201511110DEN|John Goble
201511110DEN|Tre Maddox
201511110DEN|Scott Wall
201602210PHO|Mitchell Ervin
201602210PHO|Kane Fitzgerald
201602210PHO|Bill Kennedy
201610250POR|Tony Brown
201610250POR|Nick Buchert
201610250POR|Mike Callahan
201511250MIN|Ed Malloy
201511250MIN|Scott Twardoski
201511250MIN|James Williams
201612260WAS|Ed Malloy
201612260WAS|Kevin Scott
201612260WAS|Scott Wall
201512110NOP|Scott Foster
201512110NOP|Gediminas Petraitis
201512110NOP|Gary Zielinski
201504020DAL|Monty McCutchen
201504020DAL|Derek Richardson
201504020DAL|Michael Smith
201605110GSW|Marc Davis
201605110GSW|Ken Mauer
201605110GSW|James Williams
201611110OKC|Tony Brown
201611110OKC|Kevin Cutler
201611110OKC|Monty McCutchen
201611250NYK|Nick Buchert
201611250NYK|Marat Kogut
201611250NYK|James Williams
201601100POR|Curtis Blair
201601100POR|Derrick Collins
201601100POR|Scott Foster
201511170BRK|Curtis Blair
201511170BRK|Sean Corbin
201511170BRK|Bill Spooner
201611210DET|Tony Brown
201611210DET|Bill Kennedy
201611210DET|Ben Taylor
201511080CLE|Brent Barnaky
201511080CLE|Joe Crawford
201511080CLE|Justin Van Duyne
201511020HOU|John Goble
201511020HOU|Eric Lewis
201511020HOU|Leon Wood
201511300UTA|Mike Callahan
201511300UTA|Tyler Ford
201511300UTA|Courtney Kirkland
201701100WAS|Mark Ayotte
201701100WAS|Kane Fitzgerald
201701100WAS|Courtney Kirkland
201511150MIN|Sean Corbin
201511150MIN|Marat Kogut
201511150MIN|Ken Mauer
201504130ATL|David Guthrie
201504130ATL|Bill Kennedy
201504130ATL|Scott Twardoski
201504040CHO|Bennie Adams
201504040CHO|Ron Garretson
201504040CHO|Marat Kogut
201612050MIL|Dan Crawford
201612050MIL|Ron Garretson
201612050MIL|Jacyn Goble
201503270PHO|Bill Kennedy
201503270PHO|Eric Lewis
201503270PHO|Scott Twardoski
201611160ORL|Michael Smith
201611160ORL|Dedric Taylor
201611160ORL|Gary Zielinski
201611020LAC|Tre Maddox
201611020LAC|Rodney Mott
201611020LAC|Tom Washington
201510310LAC|Mark Ayotte
201510310LAC|Curtis Blair
201510310LAC|Tom Washington
201504100ORL|Marc Davis
201504100ORL|James Williams
201504100ORL|Leon Wood
201701060GSW|Tyler Ford
201701060GSW|David Guthrie
201701060GSW|Ken Mauer
201612260NOP|Tyler Ford
201612260NOP|Karl Lane
201612260NOP|Tom Washington
201511130NYK|Derrick Collins
201511130NYK|Eric Dalen
201511130NYK|Eric Lewis
201511180BOS|Tony Brothers
201511180BOS|Tony Brown
201511180BOS|Ben Taylor
201511040WAS|Nick Buchert
201511040WAS|Mike Callahan
201511040WAS|Tyler Ford
201604060BOS|Steve Anderson
201604060BOS|Bill Kennedy
201604060BOS|James Williams
201612030PHI|Kevin Cutler
201612030PHI|Scott Foster
201612030PHI|Ron Garretson
201604020CHI|Tony Brothers
201604020CHI|John Goble
201604020CHI|Derek Richardson
201503070PHI|Mark Lindsay
201503070PHI|Jason Phillips
201503070PHI|Haywoode Workman
201504150CHI|Dan Crawford
201504150CHI|Courtney Kirkland
201504150CHI|Josh Tiven
201612130PHO|Derrick Collins
201612130PHO|Scott Foster
201612130PHO|Aaron Smith
201503200BRK|James Capers
201503200BRK|Lauren Holtkamp
201503200BRK|Michael Smith
201612040NYK|James Capers
201612040NYK|Derek Richardson
201612040NYK|Michael Smith
201603020LAC|Dan Crawford
201603020LAC|David Guthrie
201603020LAC|Gary Zielinski
201512100SAC|Brian Forte
201512100SAC|Ed Malloy
201512100SAC|Scott Twardoski
201512050CHI|Michael Smith
201512050CHI|Derrick Stafford
201512050CHI|Scott Wall
201512250MIA|Tony Brothers
201512250MIA|Nick Buchert
201512250MIA|Sean Corbin
201512300SAC|James Capers
201512300SAC|Brett Nansel
201512300SAC|Scott Wall
201612180MIA|Tony Brothers
201612180MIA|Courtney Kirkland
201612180MIA|C.J. Washington
201701060WAS|Eric Dalen
201701060WAS|Ron Garretson
201701060WAS|J.T. Orr
201511030DAL|Derek Richardson
201511030DAL|Bill Spooner
201511030DAL|James Williams
201511150SAC|Mitchell Ervin
201511150SAC|Monty McCutchen
201511150SAC|James Williams
201605060OKC|Monty McCutchen
201605060OKC|Derrick Stafford
201605060OKC|James Williams
201612100IND|Tony Brothers
201612100IND|Pat Fraher
201612100IND|Karl Lane
201604050UTA|Scott Foster
201604050UTA|Rodney Mott
201604050UTA|Scott Twardoski
201612200MIL|Mark Lindsay
201612200MIL|Justin Van Duyne
201612200MIL|Tom Washington
201512070MIA|Mark Lindsay
201512070MIA|Kevin Scott
201512070MIA|Michael Smith
201504030CHI|Steve Anderson
201504030CHI|Joe Crawford
201504030CHI|Eric Lewis
201611190DET|Brent Barnaky
201611190DET|Jacyn Goble
201611190DET|Ken Mauer
201512090DET|Dan Crawford
201512090DET|Michael Smith
201512090DET|Ben Taylor
201503030CHO|Curtis Blair
201503030CHO|John Goble
201503030CHO|Kevin Scott
201612050HOU|Marc Davis
201612050HOU|Courtney Kirkland
201612050HOU|Scott Twardoski
201512080BRK|Mitchell Ervin
201512080BRK|David Jones
201512080BRK|Bill Spooner
201512090TOR|Eric Dalen
201512090TOR|Monty McCutchen
201512090TOR|James Williams
201601030TOR|Nick Buchert
201601030TOR|Ron Garretson
201601030TOR|Gediminas Petraitis
201611290BRK|Lauren Holtkamp
201611290BRK|Ken Mauer
201611290BRK|Kevin Scott
201602230POR|Brent Barnaky
201602230POR|Mike Callahan
201602230POR|Haywoode Workman
201603310OKC|Tony Brothers
201603310OKC|Sean Corbin
201603310OKC|Gary Zielinski
201612010GSW|Bill Kennedy
201612010GSW|Tre Maddox
201612010GSW|Josh Tiven
201503250WAS|Derrick Collins
201503250WAS|Scott Foster
201503250WAS|Lauren Holtkamp
201503090MIL|Kane Fitzgerald
201503090MIL|Derek Richardson
201503090MIL|Zach Zarba
201611060TOR|Kevin Scott
201611060TOR|Scott Wall
201611060TOR|Sean Wright
201504040MIL|John Goble
201504040MIL|Leroy Richardson
201504040MIL|Haywoode Workman
201604030NYK|Bennie Adams
201604030NYK|Marat Kogut
201604030NYK|Derrick Stafford
201504010HOU|Nick Buchert
201504010HOU|Mike Callahan
201504010HOU|Gary Zielinski
201612160ORL|Brent Barnaky
201612160ORL|Kevin Cutler
201612160ORL|Marc Davis
201612110OKC|Sean Corbin
201612110OKC|Jacyn Goble
201612110OKC|Bill Kennedy
201604010MEM|Bennie Adams
201604010MEM|Mike Callahan
201604010MEM|Leroy Richardson
201612230BOS|Steve Anderson
201612230BOS|Matt Boland
201612230BOS|Leroy Richardson
201511270HOU|Kane Fitzgerald
201511270HOU|Jason Phillips
201511270HOU|Dedric Taylor
201512090WAS|Kane Fitzgerald
201512090WAS|Tyler Ford
201512090WAS|John Goble
201503070NYK|Courtney Kirkland
201503070NYK|Derek Richardson
201503070NYK|Bill Spooner
201612270BOS|Brent Barnaky
201612270BOS|Eric Lewis
201612270BOS|Haywoode Workman
201603270IND|Mike Callahan
201603270IND|Derrick Collins
201603270IND|J.T. Orr
201611090IND|Tony Brothers
201611090IND|Derek Richardson
201611090IND|Kevin Scott
201601260NYK|Curtis Blair
201601260NYK|Eric Dalen
201601260NYK|Ken Mauer
201611010NOP|Tyler Ford
201611010NOP|Brian Forte
201611010NOP|Scott Foster
201602290CLE|Curtis Blair
201602290CLE|Nick Buchert
201602290CLE|Mike Callahan
201504150CLE|Kane Fitzgerald
201504150CLE|Scott Foster
201504150CLE|Scott Twardoski
201612250CLE|Matt Boland
201612250CLE|Mike Callahan
201612250CLE|Sean Corbin
201506040GSW|James Capers
201506040GSW|Monty McCutchen
201506040GSW|Jason Phillips
201511210HOU|Nick Buchert
201511210HOU|Ron Garretson
201511210HOU|J.T. Orr
201512180BOS|Mitchell Ervin
201512180BOS|James Williams
201512180BOS|Sean Wright
201701050NOP|Matt Boland
201701050NOP|Marc Davis
201701050NOP|Brett Nansel
201503220PHO|Tre Maddox
201503220PHO|Derrick Stafford
201503220PHO|Josh Tiven
201503250UTA|Brent Barnaky
201503250UTA|John Goble
201503250UTA|Leroy Richardson
201504100UTA|Nick Buchert
201504100UTA|Bennett Salvatore
201504100UTA|Kevin Scott
201503010DEN|Ron Garretson
201503010DEN|David Guthrie
201503010DEN|Dedric Taylor
201612050BRK|Pat Fraher
201612050BRK|Mark Lindsay
201612050BRK|Haywoode Workman
201512160DET|Lauren Holtkamp
201512160DET|Courtney Kirkland
201512160DET|Eric Lewis
201504080ORL|Marat Kogut
201504080ORL|Ed Malloy
201504080ORL|Scott Wall
201701190NYK|Brent Barnaky
201701190NYK|Bill Kennedy
201701190NYK|Gary Zielinski
201511020MIN|Tony Brown
201511020MIN|Nick Buchert
201511020MIN|Kevin Cutler
201601170DEN|David Guthrie
201601170DEN|Bill Kennedy
201601170DEN|Brett Nansel
201612160MEM|Bennie Adams
201612160MEM|Curtis Blair
201612160MEM|Leroy Richardson
201701180PHI|Bill Spooner
201701180PHI|Justin Van Duyne
201701180PHI|Gary Zielinski
201512170CHO|Pat Fraher
201512170CHO|Ken Mauer
201512170CHO|Kevin Scott
201701130ATL|Ken Mauer
201701130ATL|Gediminas Petraitis
201701130ATL|Michael Smith
201512280PHO|Dan Crawford
201512280PHO|Gediminas Petraitis
201512280PHO|Scott Wall
201511250PHO|Scott Foster
201511250PHO|Mark Lindsay
201511250PHO|Derek Richardson
201511050CHI|Tony Brown
201511050CHI|James Capers
201511050CHI|Karl Lane
201504270BRK|James Capers
201504270BRK|Eric Lewis
201504270BRK|Jason Phillips
201506090CLE|Dan Crawford
201506090CLE|Marc Davis
201506090CLE|Ed Malloy
201512200DEN|Marc Davis
201512200DEN|Kane Fitzgerald
201512200DEN|Karl Lane
201610260PHI|Rodney Mott
201610260PHI|Jason Phillips
201610260PHI|Leon Wood
201504240WAS|Tony Brothers
201504240WAS|Sean Corbin
201504240WAS|John Goble
201611220DEN|Brent Barnaky
201611220DEN|Ron Garretson
201611220DEN|Brett Nansel
201601200TOR|Tony Brown
201601200TOR|Jason Phillips
201601200TOR|Kevin Scott
201512110BOS|Kane Fitzgerald
201512110BOS|Monty McCutchen
201512110BOS|Aaron Smith
201511070LAC|Kevin Cutler
201511070LAC|Derrick Stafford
201511070LAC|Scott Wall
201612300IND|Michael Smith
201612300IND|Justin Van Duyne
201612300IND|James Williams
201601080MIL|Brian Forte
201601080MIL|Scott Twardoski
201601080MIL|Zach Zarba
201603090SAC|Gediminas Petraitis
201603090SAC|James Williams
201603090SAC|Zach Zarba
201512220DEN|Nick Buchert
201512220DEN|John Goble
201512220DEN|Scott Twardoski
201611180DEN|Marc Davis
201611180DEN|Karl Lane
201611180DEN|Scott Twardoski
201602200ATL|Curtis Blair
201602200ATL|Brian Forte
201602200ATL|Sean Wright
201701040NYK|Ron Garretson
201701040NYK|J.T. Orr
201701040NYK|James Williams
201612090SAC|Bennie Adams
201612090SAC|Brett Nansel
201612090SAC|Kevin Scott
201611230CHO|Eric Dalen
201611230CHO|Monty McCutchen
201611230CHO|Rodney Mott
201505020LAC|James Capers
201505020LAC|Monty McCutchen
201505020LAC|Jason Phillips
201511290NYK|John Goble
201511290NYK|David Jones
201511290NYK|Haywoode Workman
201503070MIA|Marc Davis
201503070MIA|Lauren Holtkamp
201503070MIA|Scott Wall
201610260NOP|Brent Barnaky
201610260NOP|Derek Richardson
201610260NOP|Sean Wright
201604240BOS|Bennie Adams
201604240BOS|Monty McCutchen
201604240BOS|Jason Phillips
201612260CHI|Pat Fraher
201612260CHI|Bill Spooner
201612260CHI|C.J. Washington
201512120CHO|Brent Barnaky
201512120CHO|Dan Crawford
201512120CHO|Marat Kogut
201601020DAL|Tony Brown
201601020DAL|Kevin Scott
201601020DAL|Tom Washington
201512040NOP|Curtis Blair
201512040NOP|Kane Fitzgerald
201512040NOP|Jason Phillips
201504010NYK|Violet Palmer
201504010NYK|Bennett Salvatore
201504010NYK|Kevin Scott
201602050NYK|Nick Buchert
201602050NYK|Kane Fitzgerald
201602050NYK|Bill Kennedy
201511090LAC|Tony Brothers
201511090LAC|Pat Fraher
201511090LAC|J.T. Orr
201603120TOR|Tyler Ford
201603120TOR|David Jones
201603120TOR|Zach Zarba
201511090DEN|Matt Boland
201511090DEN|Brian Forte
201511090DEN|Scott Twardoski
201701100TOR|Kevin Cutler
201701100TOR|Josh Tiven
201701100TOR|Sean Wright
201603290CLE|Bill Kennedy
201603290CLE|Courtney Kirkland
201603290CLE|Mark Lindsay
201601150MIL|Steve Anderson
201601150MIL|Eric Dalen
201601150MIL|Marc Davis
201510280ORL|Eric Lewis
201510280ORL|Jason Phillips
201510280ORL|Dedric Taylor
201603020MEM|James Capers
201603020MEM|Marat Kogut
201603020MEM|James Williams
201602190LAL|Brent Barnaky
201602190LAL|Ron Garretson
201602190LAL|Eli Roe
201611020BRK|Derrick Collins
201611020BRK|Monty McCutchen
201611020BRK|Gediminas Petraitis
201512170CLE|Dan Crawford
201512170CLE|Mark Lindsay
201512170CLE|Josh Tiven
201511010CHI|J.T. Orr
201511010CHI|Bill Spooner
201511010CHI|James Williams
201603080TOR|Brent Barnaky
201603080TOR|Eli Roe
201603080TOR|Tom Washington
201601230DEN|Kane Fitzgerald
201601230DEN|Scott Twardoski
201601230DEN|Zach Zarba
201510300ORL|Joe Crawford
201510300ORL|David Jones
201510300ORL|Justin Van Duyne
201602190ATL|Scott Foster
201602190ATL|Courtney Kirkland
201602190ATL|Kevin Scott
201611220NYK|Derrick Collins
201611220NYK|Monty McCutchen
201611220NYK|Ben Taylor
201511190LAC|Ron Garretson
201511190LAC|Scott Twardoski
201511190LAC|Gary Zielinski
201511040IND|Tony Brothers
201511040IND|Eric Dalen
201511040IND|Kane Fitzgerald
201503110MIL|Bill Kennedy
201503110MIL|Tre Maddox
201503110MIL|Gary Zielinski
201512050SAS|Derrick Collins
201512050SAS|Gediminas Petraitis
201512050SAS|Tom Washington
201701020HOU|Bill Kennedy
201701020HOU|Michael Smith
201701020HOU|Dedric Taylor
201503110BOS|Courtney Kirkland
201503110BOS|Derek Richardson
201503110BOS|Bill Spooner
201611210SAS|Mark Ayotte
201611210SAS|Dan Crawford
201611210SAS|Gary Zielinski
201612140WAS|Bennie Adams
201612140WAS|Derrick Stafford
201612140WAS|Haywoode Workman
201701180WAS|Brian Forte
201701180WAS|Tre Maddox
201701180WAS|Monty McCutchen
201601120MIN|Brian Forte
201601120MIN|Marat Kogut
201601120MIN|Mark Lindsay
201604020DEN|Derrick Collins
201604020DEN|Lauren Holtkamp
201604020DEN|Bill Kennedy
201504080MIL|Curtis Blair
201504080MIL|Sean Corbin
201504080MIL|Zach Zarba
201701190LAC|Marat Kogut
201701190LAC|Eric Lewis
201701190LAC|Ed Malloy
201604030MIL|Eric Dalen
201604030MIL|Michael Smith
201604030MIL|Sean Wright
201504030SAC|Tony Brothers
201504030SAC|Justin Van Duyne
201504030SAC|Sean Wright
201604120SAS|Mark Lindsay
201604120SAS|Derrick Stafford
201604120SAS|Josh Tiven
201601210SAC|Tony Brothers
201601210SAC|Nick Buchert
201601210SAC|J.T. Orr
201603040DEN|Leroy Richardson
201603040DEN|Ben Taylor
201603040DEN|Zach Zarba
201601080MEM|Scott Foster
201601080MEM|Derek Richardson
201601080MEM|Leroy Richardson
201512010MIN|Derrick Collins
201512010MIN|Lauren Holtkamp
201512010MIN|Rodney Mott
201511290CHO|Nick Buchert
201511290CHO|Eric Dalen
201511290CHO|Ed Malloy
201602210ORL|Mark Ayotte
201602210ORL|John Goble
201602210ORL|Gediminas Petraitis
201612230LAC|Mitchell Ervin
201612230LAC|Pat Fraher
201612230LAC|Derrick Stafford
201611060MEM|Mark Ayotte
201611060MEM|Tony Brown
201611060MEM|Pat Fraher
201503260MIL|Marat Kogut
201503260MIL|Bill Spooner
201503260MIL|Scott Wall
201612180PHI|Nick Buchert
201612180PHI|Brian Forte
201612180PHI|Leroy Richardson
201504250MIL|David Guthrie
201504250MIL|Jason Phillips
201504250MIL|Zach Zarba
201505120CLE|Joe Crawford
201505120CLE|Josh Tiven
201505120CLE|Zach Zarba
201602210TOR|Tony Brothers
201602210TOR|Courtney Kirkland
201602210TOR|Derek Richardson
201611250ORL|Eric Dalen
201611250ORL|Jason Phillips
201611250ORL|Phenizee Ransom
201504100DEN|Brian Forte
201504100DEN|Dedric Taylor
201504100DEN|Tom Washington
201602260DAL|Scott Foster
201602260DAL|Courtney Kirkland
201602260DAL|Leon Wood
201612280WAS|Mitchell Ervin
201612280WAS|David Guthrie
201612280WAS|Josh Tiven
201511250BOS|Nick Buchert
201511250BOS|Sean Corbin
201511250BOS|Eric Dalen
201602230UTA|Steve Anderson
201602230UTA|Eric Lewis
201602230UTA|Jason Phillips
201511270CHO|Karl Lane
201511270CHO|Scott Wall
201511270CHO|Zach Zarba
201603070IND|Pat Fraher
201603070IND|Lauren Holtkamp
201603070IND|Bill Kennedy
201611150CLE|Steve Anderson
201611150CLE|Brent Barnaky
201611150CLE|Tom Washington
201512030TOR|John Goble
201512030TOR|Tre Maddox
201512030TOR|Scott Wall
201611110CHO|Derrick Collins
201611110CHO|Kane Fitzgerald
201611110CHO|Derek Richardson
201503040NOP|Marc Davis
201503040NOP|Marat Kogut
201503040NOP|Mark Lindsay
201601040MIA|Pat Fraher
201601040MIA|Marat Kogut
201601040MIA|Zach Zarba
201604010SAC|Scott Foster
201604010SAC|Josh Tiven
201604010SAC|Justin Van Duyne
201511070CHI|Tony Brothers
201511070CHI|Sean Corbin
201511070CHI|Tyler Ford
201504050OKC|Derrick Collins
201504050OKC|Eric Lewis
201504050OKC|Ken Mauer
201611300DAL|Matt Boland
201611300DAL|Jason Phillips
201611300DAL|Leroy Richardson
201611090PHO|J.T. Orr
201611090PHO|Jason Phillips
201611090PHO|Leroy Richardson
201504150PHI|Tony Brothers
201504150PHI|Brian Forte
201504150PHI|Violet Palmer
201612260SAC|Marc Davis
201612260SAC|Rodney Mott
201612260SAC|Scott Twardoski
201605110TOR|Tony Brothers
201605110TOR|Scott Foster
201605110TOR|Sean Wright
201504250POR|Mark Ayotte
201504250POR|Scott Foster
201504250POR|Bill Kennedy
201503230UTA|Tre Maddox
201503230UTA|Ed Malloy
201503230UTA|Derek Richardson
201503200CLE|Marc Davis
201503200CLE|J.T. Orr
201503200CLE|Gary Zielinski
201612020SAS|Mike Callahan
201612020SAS|Tyler Ford
201612020SAS|Kevin Scott
201601100MEM|Eric Lewis
201601100MEM|Ed Malloy
201601100MEM|J.T. Orr
201701150LAL|Curtis Blair
201701150LAL|Derrick Collins
201701150LAL|Marc Davis
201503040HOU|Karl Lane
201503040HOU|Ken Mauer
201503040HOU|Josh Tiven
201612280CHI|Kevin Scott
201612280CHI|Scott Wall
201612280CHI|Tom Washington
201511090ATL|Mike Callahan
201511090ATL|Rodney Mott
201511090ATL|Leon Wood
201611050ORL|John Goble
201611050ORL|Tre Maddox
201611050ORL|Ken Mauer
201611030MIN|Mike Callahan
201611030MIN|Mark Lindsay
201611030MIN|Brett Nansel
201612010MEM|Curtis Blair
201612010MEM|Rodney Mott
201612010MEM|Kevin Scott
201602050DEN|Scott Foster
201602050DEN|Lauren Holtkamp
201602050DEN|Mark Lindsay
201512180GSW|Tony Brothers
201512180GSW|David Guthrie
201512180GSW|Haywoode Workman
201512290MEM|Eric Dalen
201512290MEM|Bill Kennedy
201512290MEM|Courtney Kirkland
201701100SAC|Tre Maddox
201701100SAC|Ken Mauer
201701100SAC|Michael Smith
201511130CHI|Courtney Kirkland
201511130CHI|Eli Roe
201511130CHI|Sean Wright
201602270OKC|Eric Dalen
201602270OKC|Kane Fitzgerald
201602270OKC|Scott Foster
201701050HOU|Courtney Kirkland
201701050HOU|Ed Malloy
201701050HOU|Gediminas Petraitis
201610260IND|Tyler Ford
201610260IND|Bill Kennedy
201610260IND|Josh Tiven
201503040TOR|Jason Phillips
201503040TOR|Haywoode Workman
201503040TOR|Sean Wright
201601260BRK|James Capers
201601260BRK|Tyler Ford
201601260BRK|Brian Forte
201511040OKC|Sean Corbin
201511040OKC|Dedric Taylor
201511040OKC|Sean Wright
201602240LAC|Marc Davis
201602240LAC|Mitchell Ervin
201602240LAC|Brian Forte
201612310UTA|Matt Boland
201612310UTA|Dan Crawford
201612310UTA|Jacyn Goble
201612230DET|Tony Brown
201612230DET|James Capers
201612230DET|Ben Taylor
201512070MIN|Bennie Adams
201512070MIN|Dan Crawford
201512070MIN|Ben Taylor
201602240TOR|Derrick Collins
201602240TOR|Derrick Stafford
201602240TOR|Dedric Taylor
201604130DAL|Nick Buchert
201604130DAL|Scott Foster
201604130DAL|John Goble
201511010CHO|Bennie Adams
201511010CHO|Joe Crawford
201511010CHO|Justin Van Duyne
201602020LAL|Dan Crawford
201602020LAL|David Guthrie
201602020LAL|Tre Maddox
201503250MIN|Matt Boland
201503250MIN|Tony Brown
201503250MIN|Bennett Salvatore
201503040OKC|Eric Lewis
201503040OKC|Monty McCutchen
201503040OKC|Justin Van Duyne
201611010IND|Derrick Collins
201611010IND|Dan Crawford
201611010IND|Jacyn Goble
201503070MIL|Curtis Blair
201503070MIL|Derrick Collins
201503070MIL|Ed Malloy
201612130NOP|Brent Barnaky
201612130NOP|Jacyn Goble
201612130NOP|Zach Zarba
201601130HOU|Sean Corbin
201601130HOU|Aaron Smith
201601130HOU|Derrick Stafford
201601140ORL|Kane Fitzgerald
201601140ORL|Lauren Holtkamp
201601140ORL|Tom Washington
201604290CHO|Monty McCutchen
201604290CHO|Bill Spooner
201604290CHO|Tom Washington
201512050UTA|Tre Maddox
201512050UTA|Rodney Mott
201512050UTA|Gary Zielinski
201604060ORL|David Guthrie
201604060ORL|Ken Mauer
201604060ORL|Eli Roe
201504220ATL|Mike Callahan
201504220ATL|Michael Smith
201504220ATL|Zach Zarba
201612230NOP|Curtis Blair
201612230NOP|Scott Foster
201612230NOP|Kevin Scott
201701010ATL|Tony Brown
201701010ATL|Pat Fraher
201701010ATL|Haywoode Workman
201603010LAL|Kevin Cutler
201603010LAL|Scott Foster
201603010LAL|Courtney Kirkland
201603290IND|Dan Crawford
201603290IND|Eric Lewis
201603290IND|Gediminas Petraitis
201504150GSW|Bill Kennedy
201504150GSW|Scott Wall
201504150GSW|Leon Wood
201612190OKC|Mitchell Ervin
201612190OKC|Derrick Stafford
201612190OKC|Gary Zielinski
201512180UTA|Curtis Blair
201512180UTA|David Jones
201512180UTA|Tom Washington
201611020PHO|Brent Barnaky
201611020PHO|Marc Davis
201611020PHO|Scott Twardoski
201511280WAS|Dan Crawford
201511280WAS|Eric Lewis
201511280WAS|Gediminas Petraitis
201511230CHO|Steve Anderson
201511230CHO|Jason Phillips
201511230CHO|James Williams
201610270CHI|Eric Dalen
201610270CHI|Courtney Kirkland
201610270CHI|Jason Phillips
201604290POR|Marc Davis
201604290POR|Sean Wright
201604290POR|Zach Zarba
201512020WAS|Tony Brown
201512020WAS|David Jones
201512020WAS|Karl Lane
201605020SAS|Sean Corbin
201605020SAS|Marc Davis
201605020SAS|Ken Mauer
201504040PHO|Mark Ayotte
201504040PHO|Tony Brothers
201504040PHO|J.T. Orr
201612260POR|Mark Ayotte
201612260POR|Bill Kennedy
201612260POR|J.T. Orr
201610290DEN|Bennie Adams
201610290DEN|Pat Fraher
201610290DEN|Tre Maddox
201601060MIN|Gediminas Petraitis
201601060MIN|Zach Zarba
201601060MIN|Gary Zielinski
201504050NYK|Joe Crawford
201504050NYK|Mark Lindsay
201504050NYK|Haywoode Workman
201701180SAC|Marc Davis
201701180SAC|Eric Lewis
201701180SAC|Leon Wood
201601080SAS|Nick Buchert
201601080SAS|Ed Malloy
201601080SAS|J.T. Orr
201512210HOU|Sean Corbin
201512210HOU|Scott Twardoski
201512210HOU|Zach Zarba
201503120IND|Pat Fraher
201503120IND|Marat Kogut
201503120IND|Bennett Salvatore
201511020LAC|David Guthrie
201511020LAC|Marat Kogut
201511020LAC|Ken Mauer
201511290TOR|Pat Fraher
201511290TOR|Karl Lane
201511290TOR|Derrick Stafford
201504110CHI|Brent Barnaky
201504110CHI|Monty McCutchen
201504110CHI|Derek Richardson
201602290DEN|Lauren Holtkamp
201602290DEN|Rodney Mott
201602290DEN|Scott Wall
201511110ORL|Marat Kogut
201511110ORL|Ken Mauer
201511110ORL|Michael Smith
201612130CHI|Ed Malloy
201612130CHI|Ben Taylor
201612130CHI|James Williams
201510290IND|Scott Foster
201510290IND|Ben Taylor
201510290IND|Josh Tiven
201504020GSW|Marc Davis
201504020GSW|Kane Fitzgerald
201504020GSW|James Williams
201612200SAC|Brian Forte
201612200SAC|Pat Fraher
201612200SAC|Haywoode Workman
201611180SAC|Kane Fitzgerald
201611180SAC|Scott Foster
201611180SAC|Leon Wood
201511140MIL|Matt Boland
201511140MIL|Marc Davis
201511140MIL|Karl Lane
201504090GSW|Tony Brown
201504090GSW|David Jones
201504090GSW|Jason Phillips
201603280MIN|Steve Anderson
201603280MIN|Tony Brothers
201603280MIN|Kane Fitzgerald
201603290DET|Matt Boland
201603290DET|Bill Spooner
201603290DET|Scott Twardoski
201601140PHI|Mark Ayotte
201601140PHI|Ken Mauer
201601140PHI|Eli Roe
201602060PHI|Tony Brown
201602060PHI|Tyler Ford
201602060PHI|Jason Phillips
201602260IND|Matt Boland
201602260IND|Ron Garretson
201602260IND|Michael Smith
201504070NOP|Karl Lane
201504070NOP|Derrick Stafford
201504070NOP|Josh Tiven
201611210MIN|Ed Malloy
201611210MIN|Gediminas Petraitis
201611210MIN|Leroy Richardson
201503180TOR|Tony Brown
201503180TOR|Bill Kennedy
201503180TOR|Karl Lane
201602060MIN|Matt Boland
201602060MIN|Marc Davis
201602060MIN|Haywoode Workman
201511130MEM|Scott Foster
201511130MEM|Lauren Holtkamp
201511130MEM|Leroy Richardson
201512090MIN|Eli Roe
201512090MIN|Scott Wall
201512090MIN|Tom Washington
201601130DEN|Kevin Cutler
201601130DEN|Eric Lewis
201601130DEN|Kevin Scott
201603230HOU|Nick Buchert
201603230HOU|Marc Davis
201603230HOU|Eric Lewis
201601120DAL|Eric Lewis
201601120DAL|Tre Maddox
201601120DAL|Ken Mauer
201612230MIN|Tyler Ford
201612230MIN|Marat Kogut
201612230MIN|Ken Mauer
201701030DAL|Pat Fraher
201701030DAL|Courtney Kirkland
201701030DAL|Ben Taylor
201604080UTA|Leroy Richardson
201604080UTA|Michael Smith
201604080UTA|Tom Washington
201701060BOS|Derek Richardson
201701060BOS|Derrick Stafford
201701060BOS|Ben Taylor
201603080POR|Sean Corbin
201603080POR|Karl Lane
201603080POR|Zach Zarba
201503100UTA|Steve Anderson
201503100UTA|Scott Foster
201503100UTA|Eric Lewis
201511180HOU|Marc Davis
201511180HOU|Mitchell Ervin
201511180HOU|Scott Wall
201602070ORL|Derrick Stafford
201602070ORL|Justin Van Duyne
201602070ORL|Scott Wall
201701160IND|Mark Ayotte
201701160IND|Tony Brothers
201701160IND|Leroy Richardson
201604010ATL|Ron Garretson
201604010ATL|Tre Maddox
201604010ATL|Sean Wright
201503020MIN|Josh Tiven
201503020MIN|Justin Van Duyne
201503020MIN|Sean Wright
201605070MIA|James Capers
201605070MIA|Kane Fitzgerald
201605070MIA|Ed Malloy
201611200OKC|Tony Brothers
201611200OKC|Nick Buchert
201611200OKC|Lauren Holtkamp
201511170GSW|Bill Kennedy
201511170GSW|Josh Tiven
201511170GSW|Leon Wood
201612150NOP|Tre Maddox
201612150NOP|Michael Smith
201612150NOP|Bill Spooner
201512230ORL|Steve Anderson
201512230ORL|David Guthrie
201512230ORL|Bill Kennedy
201602010UTA|Nick Buchert
201602010UTA|John Goble
201602010UTA|Justin Van Duyne
201511080NYK|Mark Ayotte
201511080NYK|Marc Davis
201511080NYK|Derek Richardson
201503110PHI|Bennie Adams
201503110PHI|Tony Brown
201503110PHI|Leon Wood
201512270SAC|Steve Anderson
201512270SAC|Matt Boland
201512270SAC|Derrick Stafford
201701050DAL|Derrick Collins
201701050DAL|Lauren Holtkamp
201701050DAL|Zach Zarba
201601050DAL|Ron Garretson
201601050DAL|Aaron Smith
201601050DAL|James Williams
201503160SAC|Marc Davis
201503160SAC|Eli Roe
201503160SAC|Scott Wall
201603130LAL|Bennie Adams
201603130LAL|Curtis Blair
201603130LAL|Bill Kennedy
201601250NOP|Dan Crawford
201601250NOP|Gediminas Petraitis
201601250NOP|Kevin Scott
201511290BRK|Brian Forte
201511290BRK|Eli Roe
201511290BRK|Zach Zarba
201611010PHI|Sean Corbin
201611010PHI|Kane Fitzgerald
201611010PHI|Haywoode Workman
201603140PHO|Matt Boland
201603140PHO|Bill Kennedy
201603140PHO|J.T. Orr
201611150LAL|Karl Lane
201611150LAL|Tre Maddox
201611150LAL|Monty McCutchen
201512040DAL|Brent Barnaky
201512040DAL|Gediminas Petraitis
201512040DAL|Tom Washington
201601060PHO|Mark Ayotte
201601060PHO|Tony Brown
201601060PHO|Rodney Mott
201504270POR|Derrick Collins
201504270POR|Dan Crawford
201504270POR|Marc Davis
201611080MEM|Matt Boland
201611080MEM|Justin Van Duyne
201611080MEM|Tom Washington
201701040SAC|Kevin Cutler
201701040SAC|David Guthrie
201701040SAC|Gary Zielinski
201611200SAC|Mike Callahan
201611200SAC|Kevin Cutler
201611200SAC|Courtney Kirkland
201601290MIL|Tony Brothers
201601290MIL|Kevin Cutler
201601290MIL|Pat Fraher
201602070NYK|David Guthrie
201602070NYK|Kevin Scott
201602070NYK|Sean Wright
201511210DET|Matt Boland
201511210DET|Mitchell Ervin
201511210DET|Monty McCutchen
201511040GSW|Rodney Mott
201511040GSW|Eli Roe
201511040GSW|Zach Zarba
201504080BRK|Steve Anderson
201504080BRK|James Capers
201504080BRK|Derrick Collins
201611180CHO|Steve Anderson
201611180CHO|James Capers
201611180CHO|Leroy Richardson
201603310POR|Derrick Collins
201603310POR|Ken Mauer
201603310POR|Josh Tiven
201601250CHI|Tony Brown
201601250CHI|Leroy Richardson
201601250CHI|Bill Spooner
201512080DEN|Brian Forte
201512080DEN|Ed Malloy
201512080DEN|Dedric Taylor
201512250GSW|Matt Boland
201512250GSW|Scott Foster
201512250GSW|Courtney Kirkland
201601140UTA|James Capers
201601140UTA|Leroy Richardson
201601140UTA|Haywoode Workman
201602060CHO|Bennie Adams
201602060CHO|Rodney Mott
201602060CHO|Leon Wood
201603060TOR|Jason Phillips
201603060TOR|James Williams
201603060TOR|Haywoode Workman
201603280NOP|Kevin Cutler
201603280NOP|Courtney Kirkland
201603280NOP|Leroy Richardson
201603040BOS|Tony Brown
201603040BOS|Marc Davis
201603040BOS|Mitchell Ervin
201610300MEM|Rodney Mott
201610300MEM|Scott Wall
201610300MEM|Haywoode Workman
201603030NOP|Mark Lindsay
201603030NOP|Ken Mauer
201603030NOP|Leon Wood
201601040UTA|Tony Brown
201601040UTA|Eli Roe
201601040UTA|Tom Washington
201612210POR|Kevin Cutler
201612210POR|John Goble
201612210POR|Eric Lewis
201512070MIL|Karl Lane
201512070MIL|Rodney Mott
201512070MIL|Tom Washington
201601140MEM|Mark Lindsay
201601140MEM|Rodney Mott
201601140MEM|Ben Taylor
201512300BOS|Brent Barnaky
201512300BOS|Mike Callahan
201512300BOS|Haywoode Workman
201603060MIA|Mitchell Ervin
201603060MIA|Eric Lewis
201603060MIA|Josh Tiven
201610260LAL|Kevin Cutler
201610260LAL|John Goble
201610260LAL|Gary Zielinski
201511220OKC|Eric Dalen
201511220OKC|Derrick Stafford
201511220OKC|Gary Zielinski
201511210MIA|John Goble
201511210MIA|Scott Wall
201511210MIA|C.J. Washington
201604250CHO|Derrick Collins
201604250CHO|Dan Crawford
201604250CHO|Ron Garretson
201512040WAS|Nick Buchert
201512040WAS|Monty McCutchen
201512040WAS|Scott Twardoski
201605100SAS|John Goble
201605100SAS|Monty McCutchen
201605100SAS|Jason Phillips
201612120HOU|Steve Anderson
201612120HOU|James Capers
201612120HOU|Josh Tiven
201602190MIL|Tyler Ford
201602190MIL|Mark Lindsay
201602190MIL|Rodney Mott
201512060MEM|Pat Fraher
201512060MEM|John Goble
201512060MEM|J.T. Orr
201603020HOU|Brent Barnaky
201603020HOU|Kane Fitzgerald
201603020HOU|Rodney Mott
201512190WAS|Dan Crawford
201512190WAS|Bill Kennedy
201512190WAS|J.T. Orr
201512030MIA|Dan Crawford
201512030MIA|David Guthrie
201512030MIA|Eli Roe
201511300ATL|Kane Fitzgerald
201511300ATL|Monty McCutchen
201511300ATL|Leroy Richardson
201612290CLE|Rodney Mott
201612290CLE|Leon Wood
201612290CLE|Sean Wright
201611190LAC|Mark Ayotte
201611190LAC|Marc Davis
201611190LAC|Scott Twardoski
201504080DAL|Scott Foster
201504080DAL|Karl Lane
201504080DAL|Sean Wright
201511120MIA|Mike Callahan
201511120MIA|Eric Lewis
201511120MIA|Brett Nansel
201602210POR|Nick Buchert
201602210POR|Eli Roe
201602210POR|Tom Washington
201601120NYK|Steve Anderson
201601120NYK|David Jones
201601120NYK|Rodney Mott
201602030SAC|David Jones
201602030SAC|Monty McCutchen
201602030SAC|Derek Richardson
201611080BRK|Nick Buchert
201611080BRK|Bill Spooner
201611080BRK|Scott Twardoski
201701170CHI|James Capers
201701170CHI|Brian Forte
201701170CHI|Brett Nansel
201611260MIA|Karl Lane
201611260MIA|Brett Nansel
201611260MIA|Tom Washington
201512050LAC|Steve Anderson
201512050LAC|James Capers
201512050LAC|Josh Tiven
201503150NOP|Scott Foster
201503150NOP|Tre Maddox
201503150NOP|Michael Smith
201612110PHO|Bennie Adams
201612110PHO|Brett Nansel
201612110PHO|Gary Zielinski
201701110OKC|Dan Crawford
201701110OKC|Lauren Holtkamp
201701110OKC|Rodney Mott
201512230CLE|Tony Brown
201512230CLE|Jason Phillips
201512230CLE|Kevin Scott
201611010MIA|J.T. Orr
201611010MIA|Josh Tiven
201611010MIA|James Williams
201611160LAC|Mike Callahan
201611160LAC|Rodney Mott
201611160LAC|J.T. Orr
201604070ATL|Derrick Collins
201604070ATL|Kevin Cutler
201604070ATL|Marc Davis
201503130BOS|Ken Mauer
201503130BOS|Ben Taylor
201503130BOS|Leon Wood
201503030ATL|Derek Richardson
201503030ATL|Leroy Richardson
201503030ATL|Bennett Salvatore
201512300ORL|Marc Davis
201512300ORL|David Jones
201512300ORL|Derek Richardson
201504100HOU|Scott Foster
201504100HOU|Karl Lane
201504100HOU|Leroy Richardson
201601130BRK|Monty McCutchen
201601130BRK|Dedric Taylor
201601130BRK|James Williams
201604060DAL|Monty McCutchen
201604060DAL|Leroy Richardson
201604060DAL|Michael Smith
201601070SAC|Mark Lindsay
201601070SAC|Rodney Mott
201601070SAC|Eli Roe
201603310NOP|Brent Barnaky
201603310NOP|Ron Garretson
201603310NOP|Eli Roe
201610310TOR|Monty McCutchen
201610310TOR|Aaron Smith
201610310TOR|Gary Zielinski
201601180DAL|Kevin Cutler
201601180DAL|Eric Dalen
201601180DAL|Rodney Mott
201604070HOU|Tre Maddox
201604070HOU|Jason Phillips
201604070HOU|Scott Wall
201512110UTA|Derrick Collins
201512110UTA|Jason Phillips
201512110UTA|Dedric Taylor
201701060MIL|Scott Foster
201701060MIL|Pat Fraher
201701060MIL|Tre Maddox
201504110ORL|Sean Corbin
201504110ORL|Kane Fitzgerald
201504110ORL|Violet Palmer
201601230PHO|Brett Nansel
201601230PHO|Josh Tiven
201601230PHO|Tom Washington
201601200DAL|Marc Davis
201601200DAL|Pat Fraher
201601200DAL|Haywoode Workman
201511170NYK|Sean Corbin
201511170NYK|David Guthrie
201511170NYK|Marat Kogut
201511170NYK|Zach Zarba
201512200PHO|Curtis Blair
201512200PHO|Leroy Richardson
201512200PHO|Tom Washington
201503270WAS|Tony Brothers
201503270WAS|Kane Fitzgerald
201503270WAS|Ben Taylor
201505030ATL|Scott Foster
201505030ATL|Pat Fraher
201505030ATL|Ron Garretson
201504140BOS|Leroy Richardson
201504140BOS|Eli Roe
201504140BOS|Derrick Stafford
201604210HOU|Mark Ayotte
201604210HOU|Scott Foster
201604210HOU|Tom Washington
201511140LAC|Kane Fitzgerald
201511140LAC|Jason Phillips
201511140LAC|Dedric Taylor
201503190LAL|Eric Dalen
201503190LAL|Pat Fraher
201503190LAL|Zach Zarba
201602240IND|Scott Foster
201602240IND|Derek Richardson
201602240IND|Josh Tiven
201605050TOR|Derrick Collins
201605050TOR|John Goble
201605050TOR|Ken Mauer
