1,active yeast
2,water
3,white sugar
4,salt
5,eggs
6,butter
7,purpose flour
8,baking powder
9,poppy seeds
10,butter flavored extract
11,vegetable oil
12,milk
13,vanilla extract
14,almond extract
15,orange juice
16,confectioners' sugar
17,cake compressed yeast
18,ginger
19,mace
20,orange
21,golden raisins
22,candied mixed fruit
23,almonds
24,egg yolk
25,applesauce
26,raisins
27,cinnamon
28,baking soda
29,sour cream
30,oats
31,shortening
32,brown sugar
33,molasses
34,bread flour
35,quick cooking oats
36,apple juice
37,nutmeg
38,apple
39,walnuts
40,buttermilk
41,egg yolks
42,lemon extract
43,fruit preserves
44,hot water
45,whole wheat flour
46,cardamom
47,cottage cheese
48,margarine
49,bananas
50,instant coffee granules
51,semisweet chocolate chips
52,cornmeal
53,green bell pepper
54,onion
55,garlic powder
56,whole kernel corn
57,pimento peppers
58,jalapeno peppers
59,real maple syrup
60,bread
61,salt to taste
62,raisin bread
63,unsweetened cocoa powder
64,semi sweet chocolate chips
65,rye flour
66,ghee
67,plain yogurt
68,kalonji
69,corn syrup
70,semisweet chocolate
71,unsalted butter
72,mini semi sweet chocolate chips
73,cloves
74,pecans
75,wheat germ
76,honey
77,potato
78,bread machine yeast
79,low fat sour cream
80,skim milk
81,pork
82,shrimp
83,green onions
84,ginger root
85,soy sauce
86,rice wine
87,black pepper to taste
88,Chinese Steamed Buns
89,boneless pork loin roast
90,barbecue sauce
91,shallots
92,chicken broth
93,dark soy sauce
94,carrots
95,pineapple
96,cider vinegar
97,dark corn syrup
98,caraway seed
99,fennel seed
100,milk powder
101,mixed fruit
102,dark beer
103,pumpkin pie spice
104,butter flavored shortening
105,pumpkin puree
106,yellow cake mix
107,wheat berries
108,spelt flour
109,barley
110,millet
111,green lentils
112,great Northern beans
113,kidney beans
114,pinto beans
115,olive oil
116,zucchini
117,cream cheese
118,candied cherries
119,candied citron
120,egg white
121,dark brown sugar
122,coconut milk
123,unsweetened coconut
124,self rising flour
125,or bottle beer
126,oat bran
127,beer
128,beef bouillon
129,cayenne pepper
130,hot chile oil
131,cumin
132,chili powder
133,thyme
134,amaranth flour
135,tapioca flour
136,arrowroot flour
137,wheat free baking powder
138,kosher salt
139,Amish Friendship Bread Starter
140,instant vanilla pudding mix
141,distilled white vinegar
142,clove garlic
143,parsley
144,white rice flour
145,brown rice flour
146,xanthan gum
147,unflavored gelatin
148,superfine sugar
149,egg substitute
150,walnut oil
151,lemon flavored yogurt
152,lemon
153,lemon juice
154,nonfat lemon yogurt
155,millet flour
156,pastry flour
157,lard
158,instant powdered milk
159,currants
160,sourdough starter
161,nonfat milk powder
162,garlic salt
163,onion powder
164,basil
165,dill weed
166,celery seed
167,allspice
168,extra egg
169,tomato paste
170,sherry
171,sun tomatoes
172,sharp Cheddar cheese
173,sea salt
174,quinoa flour
175,white spelt flour
176,rosemary
177,cream of tartar
178,or bottle lemon lime flavored carbonated beverage
179,bread dough
180,dinner roll dough
181,Parmesan cheese
182,sesame seeds
183,macadamia nuts
184,potato flakes
185,potatoes
186,steel oats
187,powdered buttermilk
188,hoisin sauce
189,oyster sauce
190,cornstarch
191,sesame oil
192,white pepper
193,candied mixed citrus
194,rum
195,oregano
196,Parmigiano Reggiano cheese
197,instant pistachio pudding mix
198,maraschino cherries
199,green food coloring
200,mixed candied fruit
201,anise seed
202,whole milk
203,multicolored sprinkles
204,water to cover
205,whole bran cereal
206,Cheddar cheese
207,cherries
208,maple flavored extract
209,instant butterscotch pudding mix
210,egg whites
211,instant coffee
212,malted milk powder
213,peanut butter
214,blackberry jelly
215,bananas lengthwise
216,graham flour
217,black olives
218,Italian seasoning
219,stone cornmeal
220,egg bread
221,evaporated milk
222,soy milk
223,liquid lecithin
224,oat flour
225,soy flour
226,arrowroot powder
227,blueberries
228,vital wheat gluten
229,chives
230,canned pears
231,bread cubes
232,Muenster cheese
233,whole almonds
234,canola oil
235,flax seed
236,pepperjack cheese
237,black pepper
238,apricot preserves
239,lecithin
240,hot bread roll mix
241,pork sausage
242,pepperoni
243,mozzarella cheese
244,monosodium glutamate
245,baking mix
246,cocoa powder
247,flaxseed oil
248,whey powder
249,savory
250,strawberries
251,apple butter
252,Herman Sourdough Starter
253,pineapple juice
254,vanilla soy milk
255,sucanat
256,vanilla baking chips
257,ice water
258,lowfat cream cheese
259,chai tea
260,flavor fruit jam
261,potato starch
262,apples
263,semolina flour
264,spinach
265,corn oil
266,buttermilk biscuit dough
267,broccoli
268,provolone cheese
269,ricotta cheese
270,salt pepper to taste
271,prosciutto
272,Romano cheese
273,dates
274,instant lemon pudding mix
275,crunchy peanut butter
276,granola
277,mayonnaise
278,non iodized salt
279,cloves garlic
280,Kalamata olives
281,marjoram
282,mocha flavored instant coffee mix
283,pears
284,canned pumpkin puree
285,masa harina
286,whipping cream
287,pepperoni sausage
288,canned mushrooms
289,whole meal rye flour
290,filtered or spring water
291,grapes
292,muesli cereal
293,buttermilk baking mix
294,condensed mincemeat
295,Dutch process cocoa powder
296,cracked wheat
297,nonfat milk
298,sunflower seeds
299,buckwheat flour
300,milk chocolate chips
301,unsliced white bread
302,solid pack pumpkin puree
303,hot coffee
304,rum flavored extract
305,barley flour
306,dark rum
307,sweet potatoes
308,whole cranberry sauce
309,sour milk
310,candied pineapple
311,red green candied cherries
312,Crust:
313,vanilla wafers
314,Filling:
315,coffee flavored liqueur
316,Topping:
317,whipped topping
318,chocolate sandwich cookies
319,coconut
320,cherry pie filling
321,red food coloring
322,unsweetened chocolate
323,graham cracker
324,pecan sandies cookies
325,whipping cream whipped
326,Neufchatel cheese
327,lemon flavored Jell O®
328,cake flour
329,vanilla sugar
330,chocolate cake mix
331,chocolate cookie
332,Irish cream liqueur
333,apple pie filling
334,white cake mix
335,creme de menthe liqueur
336,chocolate syrup
337,mandarin orange segments
338,corn flour
339,devil's food cake mix
340,key lime
341,key lime juice
342,reduced fat yellow cake mix
343,white wine
344,sweetened chestnut puree
345,semi sweet chocolate
346,cream
347,marrons glaces
348,chocolate frosting
349,apricot nectar
350,gum drops no licorice ones
351,brandy
352,apple jelly
353,bittersweet chocolate
354,moist yellow cake mix
355,mandarin oranges
356,coconut extract
357,unsweetened pineapple juice
358,German chocolate cake mix
359,cola flavored carbonated beverage
360,gummi worms
361,non instant chocolate pudding mix
362,strawberry flavored Jell O®
363,fruit cocktail
364,instant dessert topping
365,matzo cake meal
366,sweetened condensed milk
367,orange extract
368,graham cracker crust
369,apricot
370,Banana Nut Coconut Cake:
371,Banana Nut Frosting:
372,sweet chocolate
373,sugar
374,hot fudge topping
375,hazelnuts
376,chocolate wafers
377,peppermint extract
378,Glaze
379,coffee
380,cream sherry
381,vanilla ice cream
382,lemonade concentrate
383,pink lemonade concentrate
384,instant chocolate pudding mix
385,vodka
386,prunes
387,butternut flavored extract
388,pound cake
389,dark sweet cherries
390,orange liqueur
391,White Chocolate Cheesecake:
392,white chocolate
393,White Chocolate Brandy Sauce:
394,whipped cream
395,mango
396,cranberries
397,unsulfured molasses
398,grape juice
399,lemon cake mix
400,ladyfinger cookies
401,clear imitation vanilla extract
402,peaches
403,canned pineapple
404,caramels
405,vanilla sandwich cookies
406,tootsie rolls
407,liquid sweetener
408,unsweetened applesauce
409,chocolate covered English toffee
410,rhubarb
411,white vinegar
412,pina colada mix
413,lemon lime flavored carbonated beverage
414,Coconut Cake:
415,White Frosting:
416,almond paste
417,vanilla yogurt
418,lime
419,candy sprinkles
420,canned peaches
421,sauerkraut
422,milk chocolate covered caramel nougat candy
423,milk chocolate covered caramel nougat
424,fun size chocolate coated caramel peanut nougat candy
425,graham crackers
426,red candied cherries
427,green candied cherries
428,raspberries
429,seedless raspberry preserves
430,mascarpone cheese
431,sponge cake
432,Cake:
433,Lady Baltimore Frosting
434,gingersnap cookie
435,prunes baby food
436,Coffee Cake:
437,unbleached purpose flour
438,white rum
439,chocolate fudge frosting
440,pastry cream
441,powdered butter flavoring
442,Galliano liqueur
443,Frosting:
444,creamy peanut butter
445,butter cake mix
446,miniature marshmallows
447,angel food cake mix
448,peanut butter chips
449,caramel ice cream topping
450,chocolate covered toffee
451,Golden Delicious apple
452,Glaze :
453,anisette toasts
454,non instant vanilla pudding mix
455,almond slices
456,Glaze:
457,marshmallow creme
458,orange cake mix
459,orange flavored Jell O® mix
460,green apples
461,butternuts
462,German sweet chocolate
463,reduced fat buttermilk baking mix
464,Dr. Pepper drink
465,unsalted peanuts
466,amaretto liqueur
467,vanilla bean lengthwise
468,flat bottomed ice cream cones
469,hot milk
470,yellow food coloring
471,marshmallows
472,popcorn
473,gumdrops
474,chocolate covered peanuts
475,candy coated chocolate
476,candied lemon
477,candied orange
478,candy coated milk chocolate eggs
479,apricots
480,cream whipped
481,condensed tomato
482,whipped topping mix
483,chocolate covered toffee bars
484,macaroon cookies
485,mint extract
486,chocolate covered mints
487,biscuit baking mix
488,nonfat plain yogurt
489,butter or margarine
490,salted peanuts
491,rice cereal
492,blackberry Jell O®
493,blackberry wine
494,Icing
495,pecan or to taste
496,brandy flavoring
497,smooth peanut butter
498,tomato sauce
499,maple syrup
500,candied angelica
501,chocolate wafer cookies
502,Cookie Dough:
503,pandan paste
504,ovalette
505,Chocolate Buttercream
506,brandy based orange liqueur
507,blanched almonds
508,Seven Minute Frosting
509,peppermint candies
510,ladyfingers
511,orange sherbet
512,oil
513,For the Cake:
514,For the Icing:
515,Nutmeg Cake:
516,Caramel Icing:
517,turbinado sugar
518,whole milk ricotta cheese
519,strawberry cake mix
520,strawberry frosting mix
521,bourbon
522,rosewater
523,Mocha Cream Filling Frosting:
524,Brazil nuts
525,moist white cake mix
526,carrot cake mix
527,brownie mix
528,chocolate fudge topping
529,orange segments
530,apricot brandy
531,dark chocolate cake mix
532,apples cinnamon muffin mix
533,cinnamon or to taste
534,carbonated water
535,cognac
536,salted pecans
537,carrot baby food
538,plain whole milk yogurt
539,chocolate mousse mix
540,milk chocolate candy
541,butterscotch pudding
542,butterscotch chips
543,vanilla frosting
544,black licorice whips
545,angel food cake
546,strawberry ice cream
547,marble cake mix
548,tablespoon teaspoon purpose flour
549,black walnuts
550,ready to use strawberry glaze
551,Twinkies
552,plums
553,sweetened strawberries
554,orange juice concentrate
555,orange food coloring
556,blackberries
557,Williamsburg Butter Frosting
558,seedless raspberry jam
559,fruit flavored Jell O® mix
560,white cake
561,lime flavored Jell O® mix
562,inch pastry shells
563,fat free sour cream
564,lite whipped topping
565,apricot baby food
566,plum baby food
567,lemon flavored Jell O® mix
568,raspberry flavored Jell O® mix
569,cream of coconut
570,cardamom flavored extract
571,lemon pie filling
572,canned pumpkin
573,glace cherries
574,sweetened coconut
575,rhubarb jam
576,instant banana pudding mix
577,candies mixed fruit
578,unpeeled pears
579,Friendship Fruit Starter
580,apple pie spice
581,sugar free chocolate wafer cookie
582,brown sugar substitute
583,instant espresso coffee
584,blue cheese
585,red bell pepper
586,glucose syrup
587,glycerin
588,Swiss cheese
589,currant jelly
590,gingersnap cookies
591,part skim ricotta cheese
592,low fat cottage cheese
593,blueberries pack
594,blueberry jelly
595,zwieback toast
596,Colby cheese
597,cherry brandy
598,cherry cake mix
599,Cream Cheese Frosting:
600,lemons
601,oranges
602,raisins or dates
603,guava pulp
604,guava nectar
605,peanuts
606,Icing:
607,lime juice
608,hazelnut liqueur
609,plain low fat yogurt
610,low fat milk
611,pecan liqueur
612,For the Cake Layer:
613,sour red pie cherries
614,yogurt
615,pie crusts
616,banana extract
617,artificial sweetener
618,or bottle cola flavored carbonated beverage
619,Cake Layers:
620,poppyseed filling
621,whiskey
622,unsweetened pineapple
623,chocolate pudding pie filling mix
624,moist dark chocolate cake mix
625,dark chocolate frosting
626,French vanilla yogurt
627,colored candy sprinkles
628,blackberry preserves
629,beets
630,yellow cake
631,beans
632,whole peanuts
633,potato flour
634,grape jam
635,Kentucky Fruit Filling
636,mango puree
637,Caramel Cream Frosting
638,orange flavored fruit jelly candies
639,cream style corn
640,peach brandy
641,mincemeat pie filling
642,fat free sweetened condensed milk
643,oil substitute
644,seven minute frosting
645,sour cherries
646,sugar substitute
647,white chocolate chips
648,cranberry applesauce
649,vanilla or colored frosting
650,gluten free vanilla extract
651,cocoa
652,PASTRY:
653,FILLING:
654,FROSTING:
655,persimmon pulp
656,orange slices candy
657,barley malt syrup
658,brown rice syrup
659,silken tofu
660,champagne
661,blueberry pie filling
662,gumdrops no black ones
663,pistachio nuts
664,strawberry extract
665,Granny Smith apples
666,port wine
667,butterscotch schnapps
668,espresso coffee
669,butter pecan cake mix
670,coconut pecan frosting
671,Southern Comfort liqueur
672,whole chestnuts
673,pancake/waffle mix
674,strawberry flavored carbonated beverage
675,apple juice concentrate
676,Macintosh apples
677,unsweetened apple butter
678,long grain white rice
679,half half cream
680,prune juice
681,miniature semisweet chocolate chips
682,raspberry jam
683,root beer extract
684,root beer
685,spice cake mix
686,milk chocolate
687,turmeric
688,pine nuts
689,Cajun Cake:
690,Fresh Coconut Cake:
691,coconut meat
692,Coconut Frosting:
693,milk Judges 5:25
694,white sugar Jeremiah 6:20
695,figs
696,raisins Samuel 30:11
697,almonds Numbers 17:8
698,honey 1st Samuel 14:25
699,salt Leviticus 2:13
700,edible carnations
701,Mountain Dew™
702,lowfat buttermilk
703,fat free evaporated milk
704,piping gel
705,yellow paste food coloring
706,brown paste food coloring
707,orange chewy fruit flavored candy
708,shaped spearmint gumdrops
709,red gumdrops
710,white gumdrops
711,candy lime
712,tapioca
713,pound cake mix
714,caffeinated citrus flavored soda
715,cannoli shells
716,strawberry jam
717,caramel candy
718,milk chocolate frosting
719,pineapple pie filling
720,straight sided wide mouth canning jars
721,green tomatoes
722,extra virgin olive oil
723,purple grapes
724,Baby Ruth ™ candy bars
725,brown sugar twin
726,seedless fruit preserves
727,chocolate covered graham cracker cookies
728,black tea
729,reserved pineapple juice
730,shortbread pie crust
731,white rice
732,toffee candy
733,kirschwasser
734,Bing cherries
735,toasted hazelnuts
736,peach schnapps
737,spiced rum
738,cherry juice
739,jellied cranberry sauce
740,low fat margarine
741,instant white chocolate pudding mix
742,mushrooms
743,boneless chicken breast
744,whole chicken
745,ham
746,condensed cream of chicken
747,bread stuffing mix
748,Worcestershire sauce
749,chicken meat
750,celery
751,poultry seasoning
752,boneless chicken breast thickness
753,boneless chicken breasts
754,onion mix
755,French dressing
756,teriyaki sauce
757,condensed nacho cheese
758,salsa
759,green chiles
760,flour tortillas
761,cashews
762,buttery crackers
763,creamy salad dressing
764,curry powder
765,paprika
766,Monterey Jack cheese
767,tarragon
768,converted long grain white rice
769,condensed cream of mushroom
770,chicken
771,American cheese
772,cornflakes cereal
773,smoked sausage
774,red bell peppers
775,roma tomatoes
776,chicken stock
777,red potatoes
778,green beans
779,onions
780,green chile peppers
781,tomatoes
782,chicken wings
783,mustard
784,bay
785,spaghetti
786,processed cheese
787,salt or to taste
788,sweet sour sauce
789,corn tortillas
790,chili
791,yellow squash
792,zucchinis
793,sage
794,hot pepper sauce
795,bone
796,bacon
797,beef
798,Dijon style mustard
799,white wine vinegar
800,seedless green grapes
801,white onions
802,condensed cream of Cheddar cheese
803,ketchup
804,brown potatoes
805,potato chips
806,orange food color
807,baby corn
808,puff pastry
809,garlic
810,saffron
811,boneless chicken
812,lemon pepper
813,Italian style bread
814,apricot jam
815,white bread
816,instant rice
817,feta cheese
818,balsamic vinegar
819,red pepper flakes
820,red onion
821,eggplant
822,mixed salad greens
823,green olives
824,radishes
825,red wine
826,seedless red grapes
827,creamy cucumber salad dressing
828,half half
829,Gorgonzola cheese
830,penne pasta
831,Russian style salad dressing
832,honey mustard
833,egg noodles
834,chicken bouillon
835,chicken bouillon powder
836,pimento
837,seedless grapes
838,cilantro
839,pasta shape of your choice
840,pineapple tidbits
841,cucumber
842,yellow bell pepper
843,limes
844,garbanzo beans
845,wild rice
846,green chili
847,corn flakes cereal
848,Italian style salad dressing
849,Marsala wine
850,meat extract
851,lemon grass
852,whole white peppercorns
853,boneless chicken thighs
854,lasagna noodles
855,curd cottage cheese
856,up chicken
857,chutney
858,seasoning salt
859,horseradish
860,pomegranate syrup
861,fat free condensed cream of mushroom
862,beef consomme
863,reduced fat sour cream
864,whole boneless chicken breasts
865,peppercorn gravy mix
866,cooking spray
867,rubbed sage
868,chicken breast
869,biscuit dough
870,corn flakes
871,ranch dressing mix
872,avocado
873,honey mustard salad dressing mix
874,sugar snap peas
875,avocados
876,pita breads
877,lettuce
878,deep dish pie crusts
879,mixed vegetables
880,low sodium chicken broth
881,quick cooking couscous
882,jalapeno chile peppers
883,coriander seed
884,chicken breasts
885,skewers
886,cannellini beans
887,chile paste
888,onion lengthwise
889,cabbage
890,soba noodles
891,rice
892,ranch style salad dressing
893,condensed cream of celery
894,cherry tomatoes
895,pimento stuffed green olives
896,chicken drumsticks
897,black bean sauce
898,leek only
899,saturei
900,syrup from canned figs
901,herb stuffing mix
902,boneless chicken parts
903,Ranch style salad dressing
904,whole chickens
905,kiwi
906,boiler chickens
907,mustard powder
908,green bell peppers
909,Italian style salad dressing mix
910,zucchini squash
911,yellow summer squash
912,Italian bread
913,hot chicken broth
914,artichoke hearts
915,English muffins
916,asparagus
917,tart apple
918,salted cashews
919,stuffing mix
920,chicken bouillon granules
921,ginger garlic paste
922,garam masala
923,chicken breast meat
924,rice vinegar
925,peanut oil
926,ramen noodles
927,hot chile pepper
928,tortilla chips
929,Cajun seasoning
930,unsweetened coconut milk
931,farfalle pasta
932,hot Italian turkey sausage
933,water chestnuts
934,French fried onions
935,salt black pepper to taste
936,portobello mushrooms
937,crescent rolls
938,croutons
939,roasting chicken
940,unsalted natural style peanut butter
941,dill
942,taco sauce
943,fettuccine pasta
944,tequila
945,chicken tenderloins
946,leeks
947,condensed vegetable
948,pastry
949,baby carrots
950,peas
951,napa cabbage
952,crispy fried rice noodles
953,butter crackers
954,enchilada sauce
955,processed cheese spread
956,mangos
957,lime juice pulp
958,chicken broth or more
959,Polish sausage diagonally
960,bacon grease
961,cracked black pepper
962,Dijon mustard
963,steak sauce
964,black beans
965,chicken thighs
966,white bread cubes
967,reserved cooking liquid from chicken
968,chicken flavor stuffing mix
969,Chinese style sausages
970,shiitake mushrooms
971,pasta
972,wine vinegar
973,jerk paste
974,gin
975,fish sauce
976,jasmine rice
977,inch asparagus
978,snow peas
979,Italian style dressing mix
980,raspberry vinegar
981,red chile pepper
982,ginger juice
983,sugar snap pea pods
984,smoked deli chicken
985,angel hair pasta
986,bottled Bloody Mary mix
987,sweet corn
988,boneless chicken breast lengthwise
989,cream of chicken
990,corn kernels
991,Louisiana style hot sauce
992,cayenne pepper or to taste
993,or bottle orange flavored carbonated beverage
994,celery salt
995,chicken legs
996,green peas
997,spinach souffle
998,linguine pasta
999,pickled cucumbers
1000,condensed golden mushroom
1001,red leaf lettuce
1002,cheese flavored butter crackers
1003,plain non fat yogurt
1004,sandwich rolls
1005,low fat mayonnaise
1006,sweet pickles
1007,yellow bell peppers
1008,sweet pickle relish
1009,whole chicken wings
1010,seasoning salt to taste
1011,brown rice
1012,okra
1013,dry stuffing mix
1014,raspberry salsa
1015,saltine crackers
1016,boneless chicken breast meat
1017,game hens
1018,salt free herb spice blend
1019,poached boneless chicken breast
1020,Gruyere cheese
1021,smoked beef
1022,spaghetti sauce
1023,Pico de Gallo:
1024,granulated sugar
1025,Italian style seasoning
1026,low fat tortilla chips
1027,orange marmalade
1028,low fat cream of celery
1029,low fat mozzarella cheese
1030,whole tomatoes
1031,cream of chicken mix
1032,chicken quarters
1033,chunky salsa
1034,condensed cream of broccoli
1035,broccoli florets
1036,Chinese noodles
1037,steak seasoning to taste
1038,rotini pasta
1039,romaine lettuce
1040,condensed chicken rice
1041,barbeque sauce
1042,fat free mayonnaise
1043,picante sauce
1044,Greek style seasoning
1045,chicken livers
1046,carrots diagonally
1047,herb chicken broth
1048,boneless chicken thick
1049,cooking sherry
1050,fontina cheese
1051,chile peppers sun
1052,Catalina salad dressing
1053,capers
1054,red wine vinegar
1055,Burgundy wine
1056,chile sauce
1057,garlic cloves
1058,spinach tagliatelle pasta
1059,chicken broth base
1060,corn flake cereal
1061,Chinese noodles briefly to
1062,mirin
1063,bamboo
1064,watercress
1065,rice noodles
1066,herb bread stuffing mix
1067,couscous
1068,chicken tenders
1069,chicken breast tenderloins or strips
1070,Caesar style salad dressing
1071,tomato basil feta cheese
1072,American processed cheese
1073,Cornish game hens
1074,sweet onions
1075,reduced fat cream of chicken
1076,low fat low sodium chicken broth
1077,chili beans
1078,Colby longhorn cheese
1079,chicken wings wings
1080,taco seasoning mix
1081,garlic paste
1082,red chile pepper or to taste
1083,broiler/fryer chicken
1084,wide egg noodles
1085,ziti pasta
1086,broccoli steamed
1087,fried boneless chicken breast
1088,browning sauce
1089,chile peppers
1090,chicken gravy
1091,whole cloves
1092,sweet vermouth
1093,unpeeled garlic
1094,processed cheese food
1095,Chablis or other white wine
1096,dark meat chicken
1097,sweet Italian sausage
1098,pineapple juice concentrate
1099,Spanish style rice mix
1100,scalloped potato mix
1101,pizza crust
1102,honey slightly
1103,pasta your choice of shape
1104,creme fraiche
1105,chipotle peppers
1106,baby spinach
1107,chili sauce
1108,honey ham
1109,lowfat Monterey Jack cheese
1110,hot chutney
1111,Thai peanut sauce
1112,hot chile paste
1113,bacon meat
1114,button mushrooms
1115,Dungeness crabmeat
1116,wheat barley nugget cereal
1117,red beans & rice mix
1118,salt free Cajun seasoning
1119,teriyaki basting sauce
1120,bacon bits
1121,smoked ham
1122,red onions
1123,candlenuts
1124,shrimp paste
1125,mustard seed
1126,acorn squash
1127,pasta sauce
1128,cranberry sauce
1129,Brie cheese
1130,orange flavored carbonated beverage
1131,nacho flavor tortilla chips
1132,vermicelli pasta
1133,baby peas
1134,Chinese five spice powder
1135,lemon pepper to taste
1136,lemon herb seasoning to taste
1137,cumin to taste
1138,thyme to taste
1139,smoked sausage of your choice
1140,cinnamon stick
1141,pan cornbread
1142,Parma ham
1143,flat leaf parsley
1144,Brussels sprouts scored
1145,orange turnip
1146,rendered bacon fat
1147,corn bread stuffing mix
1148,corn muffin mix
1149,carcass
1150,fennel untrimmed
1151,sugar pumpkin
1152,sweet potatoes lengthwise
1153,black cherry flavored Jell O® mix
1154,process cheese sauce
1155,butternut squash
1156,pie shell
1157,chestnuts
1158,white corn
1159,oranges sectioned
1160,lemon yogurt
1161,unsweetened apple juice concentrate
1162,nuts
1163,or cranberries
1164,cherry flavored Jell O® mix
1165,red apple
1166,tart apples
1167,whole corn kernels
1168,Cornbread:
1169,Stuffing:
1170,turkey broth
1171,dark molasses
1172,crystallized ginger
1173,pearl onions
1174,stuffing
1175,premium vanilla ice cream
1176,inch vanilla cookie crumb crust
1177,turkey
1178,whole goose
1179,rye bread
1180,picked over turkey carcass
1181,yellow onion
1182,rutabaga
1183,whole turkey
1184,artichokes to the heart
1185,fennel
1186,baking potato
1187,Belgian endive
1188,to taste salt pepper
1189,Yukon Gold potatoes
1190,onion salt
1191,apple cider
1192,whole turkey neck
1193,apple brandy
1194,baking potatoes
1195,rutabagas
1196,parsnips
1197,cranberries picked through
1198,beef bouillon cube
1199,garlic pepper seasoning
1200,kiwis
1201,corn
1202,cinnamon sticks
1203,cornbread
1204,turkey giblets
1205,oysters
1206,turnips
1207,Spanish peanuts
1208,pie shells
1209,miniature chocolate covered peanut butter
1210,Bosc pears
1211,square sandwich bread
1212,pumpkin butter
1213,whole black peppercorns
1214,red cabbage
1215,anchovy
1216,breakfast sausage
1217,turkey stock
1218,clean new red potatoes
1219,Fuyu persimmons
1220,crookneck yellow squash
1221,boneless turkey breasts
1222,sweetened cranberries
1223,canned sweet potatoes
1224,sweet potatoes undrained
1225,reduced fat margarine
1226,eggnog
1227,wax beans
1228,cranberry juice concentrate
1229,turkey tenderloins
1230,mild Cheddar cheese
1231,vegetable broth
1232,porcini mushrooms
1233,egg bread crust
1234,crimini mushrooms
1235,beef drippings
1236,goose
1237,French bread
1238,tawny port wine
1239,condensed chicken broth
1240,cranberry juice
1241,pork roast
1242,red green sprinkles
1243,ruby port wine
1244,pods green cardamom
1245,peppermint candy canes
1246,lady apples
1247,whole allspice berries
1248,liters ginger ale
1249,liter club soda
1250,sparkling apple cider
1251,ice cubes
1252,fruit punch
1253,whole or walnuts
1254,red green maraschino cherries
1255,shoyu
1256,giblet gravy
1257,mini twist pretzels
1258,red green candy sprinkles
1259,leftover turkey
1260,turkey gravy
1261,calamari
1262,Chianti wine
1263,red apples
1264,clear apple cider
1265,Pie Filling:
1266,miniature semisweet chocolate chips or to taste
1267,Sweet Crust:
1268,cook serve butterscotch pudding mix
1269,cinnamon red hot candies
1270,ice
1271,powdered non dairy creamer
1272,salmon
1273,lemon wedges
1274,graham cracker crusts
1275,candied citrus
1276,cumin seed
1277,chocolate cookie crumb crust
1278,sultana raisins
1279,fruit juice
1280,chocolate ice cream
1281,unopened live oysters
1282,Ranch style dressing mix
1283,marzipan
1284,whole leg of lamb
1285,raspberry preserves
1286,Merlot wine
1287,salt black pepper
1288,candy coated milk chocolate
1289,leg of lamb
1290,prime rib roast
1291,refried beans
1292,canned crabmeat
1293,unpopped popcorn
1294,liquid pectin
1295,pomegranate juice
1296,canned salmon
1297,maple flavored syrup
1298,cauliflower
1299,whole allspice
1300,instant tea
1301,orange flavored drink mix
1302,lemonade flavor drink powder
1303,condensed cream of potato
1304,peppermint oil
1305,color food coloring paste
1306,vanilla flavored confectioners' coating
1307,pretzel twists
1308,red green candy coated chocolate
1309,red candied pineapple
1310,green candied pineapple
1311,phyllo dough
1312,lemon flavored ice tea mix
1313,cinnamon oil
1314,crispy rice cereal
1315,oat cereal
1316,pretzel sticks
1317,mini candy coated chocolate
1318,whole vanilla bean
1319,instant chocolate drink mix
1320,mixed nuts
1321,fruitcake
1322,salami
1323,vanilla rice milk
1324,vanilla flavored non dairy dessert
1325,lime sherbet
1326,crispy corn cereal
1327,wine
1328,pectin
1329,chestnut puree
1330,liters lemon lime flavored carbonated beverage
1331,chocolate mint candies
1332,green sugar crystals
1333,red sugar crystals
1334,low fat sweetened condensed milk
1335,onion rehydrated
1336,Beau Monde ™ seasoning
1337,white corn syrup
1338,red maraschino cherries
1339,green maraschino cherries
1340,chow mein noodles
1341,orange sectioned
1342,white frosting mix
1343,Cheese Mixture:
1344,Apple Mixture:
1345,baking apples
1346,whole pecans
1347,chocolate candy bar
1348,raspberry flavored liqueur
1349,milk chocolate candy kisses
1350,wheat nuts
1351,red decorator sugar
1352,clarified butter
1353,orange flower water
1354,fructose
1355,chocolate covered creamy mints
1356,crystal sugar
1357,mincemeat
1358,carob powder
1359,pistachios
1360,instant espresso
1361,vanilla bean
1362,seedless red raspberry jam
1363,whole cashews
1364,chocolate covered mint cookies
1365,food coloring
1366,lemon marmalade
1367,anise extract
1368,Madeira wine
1369,rolls chocolate covered caramel candies
1370,apricot spreadable fruit
1371,golden syrup
1372,corn oil spread
1373,natural peanut butter
1374,reduced fat white cake mix
1375,granulated artificial sweetener
1376,high protein rice wheat cereal
1377,chocolate covered toffee candy bars
1378,fruit flavored candies
1379,mini candy coated chocolates
1380,cinnamon sugar
1381,pasteurized liquid egg whites
1382,low sodium baking powder
1383,unsalted soda crackers
1384,graham crackers or more
1385,milk chocolate candy bar
1386,peppermint patties
1387,miniature semi sweet chocolate chips
1388,toffee baking bits
1389,chocolate covered peanut butter
1390,chocolate bar
1391,vanilla custard powder
1392,persimmons
1393,green decorator sugar
1394,orange decorator sugar
1395,tart shells
1396,popsicle sticks
1397,sugar cookie mix
1398,rainbow colored miniature marshmallows
1399,whole wheat flake cereal
1400,instant cocoa powder
1401,pretzels
1402,Make Ahead Cookie Mix
1403,anise oil
1404,bittersweet chocolate bar
1405,maraschino cherry juice
1406,dark chocolate chips
1407,meringue powder
1408,chocolate covered caramel candies
1409,assorted colors of paste food coloring
1410,Basic Cookie Mix
1411,whole orange
1412,Coffee Frosting
1413,sweetened whipped cream
1414,cherry baking chips
1415,fruit preserves flavor
1416,chocolate covered malted milk balls
1417,fun size milk chocolate covered caramel nougat candy
1418,fat free butter flavored granules
1419,wheat bran
1420,fig preserves
1421,colored sugar
1422,craft sticks
1423,pink decorator sugar
1424,long red vine licorice
1425,chocolate mint wafer candies
1426,bran flakes cereal
1427,raspberry jam or jelly
1428,almond brickle chips
1429,sourball candies
1430,fructose sweetener
1431,chocolate flavored crispy rice cereal
1432,reduced fat peanut butter
1433,black walnut extract
1434,sugar frosted corn flake cereal
1435,grapefruit juice
1436,grapefruit
1437,shortening slightly
1438,chocolate covered raisins
1439,chocolate chips
1440,mini chocolate coated peanut nougat candy eg: Baby Ruth TM
1441,chocolate frosting mix
1442,chocolate candies
1443,strawberry preserves
1444,chocolate cookie dough
1445,silver dragees decorating candy
1446,bitter almonds
1447,jellybeans
1448,high quality milk chocolate
1449,whole eggs
1450,chocolate coated caramel peanut nougat candy
1451,anise flavored liqueur
1452,miniature chocolate covered peanut butter cups
1453,whole wheat pastry flour
1454,praline liqueur
1455,low fat plain yogurt
1456,beer nut mix
1457,gluten free baking powder
1458,chocolate flavored cereal puffs
1459,soda crackers
1460,corn chips
1461,junior baby food carrots
1462,chocolate chip cake mix
1463,lavender flowers
1464,powdered chocolate drink mix
1465,vanilla wafer cookies
1466,green gumdrops
1467,rolls of apricot fruit leather
1468,cinnamon graham crackers
1469,lollipop sticks
1470,To Layer In Jar:
1471,To Mix The Cookies:
1472,colored crispy rice cereal
1473,unsweetened nut grain granola
1474,zwieback cracker
1475,raisin bran cereal
1476,vanilla flavored cake mix
1477,bakers' ammonia
1478,pasteurized egg
1479,chocolate coated peanut nougat candy eg: Baby
1480,crispy corn rice cereal
1481,instant hot cocoa mix
1482,powdered milk
1483,pearl sugar
1484,yellow decorator sugar
1485,chocolate covered crispy peanut butter flavored candy
1486,chocolate covered caramels
1487,pineapple flavored cake mix
1488,tomato juice
1489,lime extract
1490,vanilla
1491,chocolate covered crispy peanut butter candy
1492,vanilla pudding
1493,black raspberry jam
1494,peanut butter cookie mix
1495,lemon curd
1496,infant cereal
1497,puffed wheat cereal
1498,pumpkin pie filling
1499,liquid unsweetened baker's chocolate
1500,whole wheat bread
1501,unsweetened apple juice
1502,pancake mix
1503,powdered sugar
1504,apple cinnamon granola
1505,maple sugar
1506,brewers' yeast
1507,beef broth
1508,strawberries cream instant oatmeal
1509,cherry preserves
1510,soy margarine
1511,imitation vanilla extract
1512,low fat lemon yogurt
1513,gluten free baking mix
1514,instant mocha mint coffee
1515,mint chocolate chips
1516,mini peppermint patties
1517,chocolate candy kisses
1518,caramel dip
1519,aspartame sweetener
1520,karat gold dust
1521,chocolate sweetened condensed milk
1522,plum preserves
1523,sugarless raspberry jam
1524,raisin paste
1525,raisin juice concentrate
1526,pineapple preserves
1527,Brownies:
1528,assorted food coloring
1529,liquid artificial sweetener
1530,chicken baby food
1531,glue
1532,tahini
1533,unsalted margarine
1534,rigatoni pasta
1535,macaroni
1536,chorizo sausage
1537,basil leaves
1538,linguini pasta
1539,Italian style tomatoes
1540,imitation crabmeat
1541,seashell pasta
1542,elbow macaroni
1543,red peppers
1544,vine ripened tomatoes
1545,mint leaves
1546,Asiago cheese
1547,scallops
1548,whole black olives
1549,red chile sauce
1550,peanut sauce
1551,tomatoes pushed through a sieve
1552,anchovy filets
1553,Greek olives
1554,lasagne noodles
1555,cavatelli pasta
1556,kalamata olives
1557,pepperoncini
1558,tuna
1559,goat cheese
1560,arugula
1561,mussels
1562,whole bone
1563,chili oil
1564,capellini pasta
1565,tuna steaks
1566,black Greek olives
1567,dill pickles
1568,olives
1569,lentil
1570,ditalini pasta
1571,reduced fat Colby cheese
1572,beef sausage
1573,cheese ravioli
1574,Italian sausage
1575,chive onion cream cheese
1576,pesto
1577,smoked salmon
1578,basil pesto sauce
1579,bean sprouts
1580,basil pesto
1581,fusilli pasta
1582,nonfat cottage cheese
1583,reduced fat processed cheese food
1584,liquid smoke flavoring
1585,colored rotini pasta
1586,perciatelli pasta
1587,Italian cherry peppers
1588,clams
1589,spinach leaves
1590,flounder fillets
1591,beef cube steak
1592,low fat silken tofu
1593,evaporated skim milk
1594,cheese tortellini
1595,tofu
1596,bay scallops
1597,boneless chicken meat
1598,Irish potatoes
1599,celery tops
1600,rendered chicken fat
1601,prawns
1602,Italian sausage links
1603,canned whole tomatoes
1604,pancetta bacon
1605,corned beef
1606,cauliflower florets
1607,clam juice
1608,pumpkin seeds
1609,canned green chile peppers
1610,pasta sheets
1611,sorrel
1612,Udon noodles
1613,pasta shells
1614,tomato puree
1615,extra beef
1616,Pepper Jack cheese
1617,homemade bechamel sauce
1618,orzo pasta
1619,yellow onions
1620,manicotti shells
1621,white clam sauce
1622,French style green beans
1623,seafood stock
1624,crabmeat
1625,tri color spiral pasta
1626,beef stock
1627,pasta according to package directions
1628,instant potato flakes
1629,nonfat evaporated milk
1630,black eyed peas
1631,broccoli florets parboiled
1632,veal
1633,bow tie pasta
1634,cucumbers
1635,corkscrew pasta
1636,bay shrimp
1637,Asian style salad dressing
1638,spaghetti sauce mix
1639,extra sharp Cheddar cheese
1640,green onions diagonally
1641,brown gravy
1642,chicken flavored ramen noodles
1643,grape clusters
1644,manicotti pasta
1645,balsamic vinaigrette salad dressing
1646,instant lasagna noodles
1647,orange bell pepper
1648,tamari
1649,Old Bay Seasoning TM
1650,zesty Italian dressing
1651,tomatoes undrained
1652,Alfredo style pasta sauce
1653,tri colored pasta assortment
1654,tomato basil pasta sauce
1655,low sodium tomato vegetable juice cocktail
1656,beef neck bones
1657,linguine
1658,cream of pumpkin
1659,poblano chile pepper
1660,foglie d'autumn pasta
1661,Chardonnay wine
1662,mostaccioli pasta
1663,Mexican style corn
1664,Sauerkraut Filling OR
1665,Potato Cheese Filling
1666,flank steak
1667,asparagus diagonally
1668,Italian style whole tomatoes
1669,spicy Italian sausage
1670,can whole baby clams
1671,salad shrimp
1672,cider
1673,Locatella cheese
1674,canned shrimp
1675,crab meat
1676,bok choy
1677,sweet corn kernels
1678,iceberg lettuce
1679,creamy Italian salad dressing or more to taste
1680,macaroni cheese
1681,Italian sausages
1682,rainbow radiatore pasta
1683,portabello mushrooms
1684,sun tomatoes rehydrated
1685,cranberry beans
1686,broccoli carrots
1687,canned green peas
1688,canned cannellini beans
1689,tomato pasta sauce
1690,raw macadamia nuts
1691,mulberries
1692,cantaloupe
1693,jalapeno sauce
1694,Cheddar Monterey Jack cheese blend
1695,tomatillo
1696,Pie Crust:
1697,Rome Beauty apples
1698,Comice pears
1699,quick cooking tapioca
1700,Pastry
1701,passion fruits
1702,single serve ready made fat free chocolate pudding
1703,reduced fat smooth peanut butter
1704,elderberries
1705,strawberry flavored Jell O® mix
1706,pastry shell
1707,For the Custard:
1708,For the Streusel:
1709,shell clams
1710,top steak
1711,vanilla wafer crust
1712,non instant chocolate fudge pudding mix
1713,pecan shortbread cookies
1714,strawberries hulled
1715,strawberry flavored yogurt
1716,butter beans
1717,bitters
1718,rump roast
1719,fruit
1720,chocolate sprinkles
1721,instant tapioca
1722,inch pie crust
1723,white cornmeal
1724,limeade concentrate
1725,Concord grapes
1726,espresso
1727,sheets phyllo dough
1728,strawberry jelly
1729,sweet red peppers
1730,sieved avocado pulp
1731,creme de cacao
1732,huckleberries
1733,watermelon flavored Jell O®
1734,watermelon
1735,Bartlett pears
1736,Streusel:
1737,Custard:
1738,shortbread tart crust
1739,tea
1740,Irish Mist liqueur
1741,pie crust mix
1742,style cream cheese
1743,Jarlsberg cheese
1744,Canadian style bacon
1745,instant chocolate fudge pudding mix
1746,Three Berry Filling:
1747,peach flavored Jell O® mix
1748,cling peaches
1749,nectarines
1750,red currant jelly
1751,blackberry brandy
1752,Bottom Layer:
1753,Top Layer:
1754,purpose apples
1755,beef tenderloin
1756,beef kidney
1757,to taste salt pepper to taste
1758,deep dish graham cracker pie crust
1759,peach glaze
1760,instant sugar free chocolate pudding mix
1761,reduced calorie whipped topping
1762,egg custard mix
1763,fat free instant chocolate pudding mix
1764,custard powder
1765,unsweetened baking chocolate
1766,boneless beef steak
1767,inch pie crusts
1768,white creme de cacao
1769,leeks only
1770,plum tomatoes
1771,For the Fresh Strawberry Filling:
1772,For the Swiss Meringue:
1773,mint chocolate chip ice cream
1774,rum or to taste
1775,steak
1776,pineapple Jell O®
1777,whipped cream cheese
1778,vegetable shortening
1779,Red Leicester cheese
1780,pork tenderloin
1781,salt pork
1782,lowfat coconut flavored yogurt
1783,Hungarian sweet paprika
1784,hot paprika
1785,puff pastry sheets
1786,black pepper or to taste
1787,Golden Delicious apples
1788,pink grapefruit
1789,pignoli nuts
1790,chocolate syrup or to taste
1791,beef bouillon granules
1792,purpose baking mix
1793,canned peas
1794,ham slices
1795,low fat evaporated milk
1796,sweet pickle juice
1797,sorghum
1798,cook serve vanilla pudding
1799,sugar cookie dough
1800,Irish whiskey
1801,russet potatoes
1802,white chocolate liqueur
1803,banana liqueur
1804,jicama
1805,watermelon rind
1806,cherries husked
1807,lamb
1808,bourbon whiskey
1809,double wide soda crackers
1810,high protein wheat flour
1811,For the Pastry:
1812,For the Apple Filling:
1813,white sugar or to taste
1814,Brownie Crust:
1815,marshmallow cream
1816,sugar free instant vanilla pudding mix
1817,reduced fat graham cracker pie crust
1818,fat free caramel dip
1819,squid
1820,creamy Italian style salad dressing
1821,swordfish steaks
1822,hot pepper sauce to taste
1823,jalapeno pepper sauce to taste
1824,fines herbs
1825,salmon steaks
1826,condensed cream of shrimp
1827,white Cheddar cheese
1828,cod fillets
1829,halibut
1830,file powder
1831,mussels debearded
1832,cracked black pepper to taste
1833,fish stock
1834,salmon fillets
1835,garlic powder to taste
1836,sole
1837,steaks halibut
1838,Spanish chorizo sausage
1839,Arborio rice
1840,Italian flat leaf parsley
1841,albacore tuna steaks thick
1842,hickory wood chips
1843,cod
1844,Old Bay Seasoning TM or to taste
1845,red snapper fillets
1846,haddock fillets
1847,halibut fillets
1848,mahi mahi fillets
1849,monkfish
1850,of lettuce
1851,spinach fettuccine pasta
1852,shark fillets
1853,crawfish tails
1854,lobster meat
1855,chorizo
1856,salt or more to taste
1857,pods snow peas
1858,red pepper flakes to taste
1859,lobster tails
1860,andouille sausage
1861,wedges lemon
1862,rainbow trout
1863,red snapper
1864,onion thickly
1865,white fish fillets
1866,parsley or fennel
1867,salt white pepper to taste
1868,anchovy paste
1869,whole trout
1870,sea bass fillets thick
1871,whole trout pan dressed
1872,crusty Italian bread
1873,unopened oysters
1874,black peppercorns
1875,papaya
1876,sea scallops
1877,catfish
1878,fat free Catalina salad dressing
1879,green enchilada sauce
1880,shrimp heads off unpeeled
1881,lobsters
1882,white potatoes
1883,ears corn
1884,bratwurst
1885,hot dogs
1886,fennel leaf
1887,sea bass
1888,saffron threads
1889,sweet chili sauce
1890,pink salmon
1891,halibut steak
1892,soy based steak marinade
1893,Old Bay Seasoning™
1894,garlic mushroom mix
1895,crawfish
1896,corn bread mix
1897,processed American cheese
1898,orange roughy fillets
1899,oysters undrained
1900,tiger prawns
1901,grouper
1902,jalapeno
1903,lobster tails but still
1904,hamburger buns
1905,lemon pepper linguine
1906,wonton wrappers
1907,julienne celery
1908,potato rounds
1909,Roma tomatoes
1910,venison
1911,condensed beef broth
1912,beef chuck
1913,pearl barley
1914,vegetable bouillon
1915,beef stew meat
1916,ham bone
1917,broccoli rabe stems
1918,lima beans
1919,halibut steaks
1920,beef oxtail
1921,blade roast
1922,pickled pearl onions
1923,serrano chiles
1924,fennel greens
1925,country style gravy mix
1926,Mexican style processed cheese food
1927,French baguette
1928,smoked ham hocks
1929,Rock Cornish hens
1930,smoked ham bone
1931,farina
1932,shoepeg corn
1933,celery flakes
1934,pork chops
1935,great Northern beans undrained
1936,twist macaroni
1937,lentils
1938,dill seed
1939,Polish sausage
1940,boneless pork loin
1941,green chile salsa
1942,chicken parts
1943,epazote
1944,chickpeas
1945,navy beans
1946,red lentils
1947,sausage
1948,canned red beans
1949,vegetable blend
1950,chicken base
1951,shells from shrimp
1952,no salt herb seasoning
1953,bologna
1954,habanero peppers
1955,New England clam chowder
1956,celery including some leaves
1957,beef bones
1958,non dairy creamer
1959,Mexican style tomatoes
1960,meatballs
1961,vegetable stock
