7000,Golden Crescent Rolls
7001,Poppy Seed Bread with Glaze
7002,Czech Christmas Hoska
7003,Applesauce Bread I
7004,Raisin Brown Bread
7005,Applesauce Raisin Bread
7006,Apple Raisin Bread
7007,Buttermilk Oatmeal Bread
7008,Kolaches II
7009,Whole Wheat Bread II
7010,Finnish Pulla
7011,Chinese Steamed Buns
7012,Cottage Cheese Bread II
7013,Mocha Chocolate Chip Banana Muffins
7014,Ruby's Special Cornbread
7015,Maple Muffins
7016,French Toast I
7017,Snow Day French Toast
7018,Angel Biscuits II
7019,Fudgy Chocolate Chip Muffins
7020,Pumpernickel Bread II
7021,Indian Naan II
7022,Lefse II
7023,Chocolate Chocolate Chip Muffins
7024,Banana Nut Bread Baked in a Jar
7025,Light Oat Bread
7026,Honey Oatmeal Bread I
7027,Potato Bread III
7028,French Baguettes
7030,Oatmeal Soda Bread
7031,Chinese Steamed Buns with Meat Filling
7032,Chinese Steamed Buns with BBQ Pork Filling
7033,Mary Anne's Moist and Nutty Carrot Loaf
7034,Russian Black Bread
7035,Basic Fruit Bread Recipe
7036,Raisin Bread III
7037,Angel Biscuit Rolls
7038,Panettone II
7039,Dill Pickle Bread
7040,J.P.'s Big Daddy Biscuits
7041,Beer Rolls
7042,Paska Bread
7043,Bread Machine Challah I
7044,Pumpkin Bread V
7045,Best Ever Cinnamon Buns
7046,Oatmeal Molasses Bread
7047,Ezekiel Bread I
7048,Zucchini Pineapple Bread I
7049,Pumpkin Swirl Bread
7050,Jule Kaka
7051,Steve's Whole Wheat
7052,Oatmeal Bread II
7053,Coconut Pumpkin Nut Bread
7054,Dizzy Pineapple Bread
7055,European Black Bread
7056,Chili Bread
7057,Old Fashion Molasses Bread
7058,Whole Wheat Honey Bread
7059,Carrot Thyme Bread
7060,Golly Gee Gluten-Free Pancakes
7061,Salt Rising Bread
7062,Baked Pretzels
7063,Amish Friendship Bread Starter
7064,Amish Cinnamon Bread
7065,French Herb Bread
7066,Easy Rice Bread
7067,Lemon Poppy Seed Muffins I
7068,Lemon Poppy Seed Muffins II
7069,Special Banana Bread
7070,Injera
7071,Pita Bread
7072,Raisin Bread II
7073,Hot Cross Buns I
7074,Hot Cross Buns II
7075,Plain and Simple Sourdough Bread
7076,Garlic and Herb Bread
7077,Ron's Fruit Bread
7078,Ron's Bread Machine White
7079,Portuguese Sweet Bread I
7080,Pizza Crust I
7081,Tomato Basil Sherry Bread
7082,"Onion, Garlic, Cheese Bread"
7083,Irish Soda Bread III
7084,The All-Good Loaf
7085,Sourdough Wheat Bread
7086,Basic British Scones
7087,Yeast-Free Bread
7088,Bread Bowls II
7089,Bread Sticks
7090,Banana Macadamia Nut Bread
7091,Cinnamon Bread II
7092,Homemade Wonderful Bread
7093,Spudnuts
7094,Banana Nut Oatmeal Bread
7095,Irresistible Irish Soda Bread
7096,Irish Soda Bread IV
7097,Chinese Pork Buns (Cha Siu Bao)
7098,Christmas Stollen II
7099,Pizza Crust II
7100,Swiss Christmas Bread
7101,Pistachio Bread
7102,Grill Dough
7103,German Rye Bread
7104,Spelt Bread I
7105,Easter Bread Ring
7106,Essene Bread
7107,Sticky Buns I
7108,Apple Bran Cheddar Muffins
7110,Quick and Easy Monkey Bread
7111,Brunch Cream Cheese Muffins
7112,Spiced Apple Muffins
7113,Banana Chip Muffins II
7114,Mocha Muffins
7115,Peanut Butter and Jelly Bread
7116,Banana Bread - Quick Bread for Machines
7117,Dark Rye Bread
7119,Mediterranean Black Olive Bread
7120,Italian Herb Bread II
7121,Batter White Bread
7122,Authentic Mexican Tortillas
7124,Julia's Hot Cross Buns
7125,Polish Doughnuts
7126,Pain Perdu I
7127,High Flavor Bran Bread
7128,Malasadas
7129,Oat Bran Bread
7130,Oatmeal Bread III
7131,Blueberry Bread II
7132,Sour Cream and Chive Rolls
7133,Pear-a-dise Muffins
7134,Basic Sourdough Bread
7135,Bread Pudding with Lemon Sauce I
7136,Fondue Bread
7137,Taralli
7138,Southern Butter Rolls
7139,Ponczki
7140,Country Seed Bread
7141,Banana Nut Bread II
7142,Italian Cheese Bread
7143,Slovak Nut Rolls
7144,Bread Machine Spelt Bread
7145,Sausage Bread
7146,Cheddar Bay Biscuits
7147,Tarradls (Italian Pepper Rings)
7148,Sticky Buns II
7149,French Brioche
7150,Golden Cake Batter Bread
7151,Blueberry Orange Bread
7152,Pan Dulce
7153,Honey and Flaxseed Bread
7154,Creamy Banana Bread
7155,Whole Wheat Banana Nut Bread
7156,San Francisco Sourdough Bread
7157,Fougasse
7158,Strawnana Bread
7159,Morning Glory Muffins I
7160,Herman Sourdough Starter
7161,Herman Biscuits
7162,Herman Coffee Cake
7163,Favorite Banana Blueberry Quick Bread
7164,Honey Bran Muffins
7165,Welsh Bread
7166,Cherry Vanilla Chip Muffins
7167,Chocolate Zucchini Muffins
7168,Orange Pull-Aparts
7169,Buttermilk Honey Wheat Bread
7170,Herman Cinnamon Rolls
7171,Herman Dinner Rolls
7172,Six Week Bran Muffins
7173,Schlotsky's Bread
7174,Navajo Fry Bread I
7175,Banana Chai Bread
7176,"Soft, Moist and Gooey Cinnamon Buns"
7177,Bread Pudding II
7178,Bread Machine Bagels
7179,Beignets
7180,Sourdough Pancakes
7181,Jelly Doughnuts
7182,Old-Fashioned Sally Lunn Muffins
7183,Norwegian Flat Bread
7184,Easy Biscuit Mixture
7185,Gluten-Free White Bread for Bread Machines
7186,Chocolate Apple Bread
7187,Coconut Muffins
7188,Zucchini Pineapple Bread II
7189,Pizza Crust for Bread Machine
7190,Spinach Bread
7191,Jo Jo's Favorite Banana Muffins
7192,Real Southern Cornbread
7193,Herb Biscuits
7194,Cheese Biscuits II
7195,Zucchini Bread V
7196,Lefse I
7197,Broccoli and Four Cheese Calzones
7198,"Broccoli, Pepperoni and Three Cheese Calzones"
7199,Prosciutto Filling for Calzones
7200,Banana Nut and Ginger Bread
7201,Lemon Poppy Seed Amish Friendship Bread
7202,Yummy Peanut Butter Bread
7203,Crunchy Honey Wheat Bread
7204,Paximade
7205,Cuban Water Bread
7206,Southern Biscuits with Mayonnaise
7207,Granny's Oatmeal Bread
7208,Nana's Fastnachts
7209,Kalamata Olive and Garlic Bread
7210,Broccoli Cornbread
7211,Cheese Herb Bread
7212,Deluxe Waffles
7213,Mocha Java Bread
7214,Pear Bread I
7215,Pumpkin Yeast Bread
7216,Sweet Corn Cake
7217,Pepperoni Pizza Bread
7218,Rye Starter
7219,Wild Grape Starter
7220,Muesli-Applesauce Muffins
7221,Orange Spice Muffins
7222,Double Quick Dinner Rolls
7223,Banana Chocolate Chip Muffins
7224,Pan de Muertos (Mexican Bread of the Dead)
7225,Cracked Wheat Sourdough Bread
7226,Sourdough Buckwheat Pancakes
7227,Chocolate Chip Sourdough Muffins
7228,Delightful Apple Spice Muffins
7229,Skiers' French Toast
7230,Pumpkin Chip Bread
7231,Granny's Corn Flour Tortillas
7233,Corn Yeast Rolls
7234,Grandma Emma's Spice Loaf
7235,Portuguese Sweet Bread II
7236,Challah in a Hurry
7237,Jam Muffins
7238,Popovers
7239,Rum Raisin Bread
7240,Pseudo Sourdough for the Bread Machine
7241,Apple Cheddar Bread
7242,Cardamom Banana Bread
7243,Pumpkin Pie Bread
7244,Southern Sweet Potato Bread with Pecans
7245,Jay's Signature Pizza Crust
7246,Aunt Bert's White Cake
7247,Easy Plain Cake
7248,Peanut Butter Cake I
7249,Sourdough Chocolate Cranberry Cake
7250,Donna's Pound Cake
7251,Chocolate Zucchini Cake I
7252,Fruitcake Without Citron
7253,Mocha Blanca Cheesecake
7254,Carrot Cake II
7255,Dirt Cake I
7256,Chocolate Chip Oatmeal Cake
7257,Pol's Apple Cake
7258,Cherry Ripple Rose Cake
7259,"Grandma's Eggless, Butterless, Milkless Cake"
7260,Italian Cream Cake I
7261,Texas Sheet Cake I
7262,Streusel Coffee Cake
7263,Boiled Raisin Cake I
7264,Waldorf Astoria Red Cake
7265,Krazy Kake
7266,Cocoa Apple Cake
7267,Best Cheesecake on Earth
7268,Grandma Snyder's Oatmeal Cake
7269,Fabulous Fudge Chocolate Cake
7270,No Bake Cheesecake I
7271,Pumpkin Pie Cake with Yellow Cake Mix
7272,Awesome Carrot Cake with Cream Cheese Frosting
7273,Chantilly Cake Frosting
7275,Mom's Carrot Cake
7276,Easy Lemon Cake
7277,French Buttercream Frosting
7278,Brownie Torte
7279,Pecan Sour Cream Pound Cake
7280,The Easiest Chocolate Cake
7281,Chocolate Cherry Cake I
7282,Pecan Pound Cake
7283,Easy Streusel Coffee Cake
7284,Irish Cream Chocolate Cheesecake
7285,Microwave Cake
7286,Creme de Menthe Cake I
7287,Lick Your Lips Cake
7288,Dump Cake I
7289,Texas Sheet Cake II
7290,Miss Beth's Yoghurt Cake
7291,Angelo Cake
7292,Cherry Nut Cake I
7293,Quick Fudge Icing
7294,Chocolate Cherry Upside Down Cake
7295,Chocolate Pound Cake I
7296,Quick Black Forest Cake
7297,Carrot Cake I
7298,Key Lime Cake I
7299,Pineapple Cake I
7300,Botercake (Butter Cake)
7301,Marron Layer Cake
7302,The Best Chocolate Cake You Ever Ate
7303,Butter Pound Cake
7304,Eclair Cake
7305,Banana Cake I
7306,Surprise Banana Cake
7307,Mini Cheesecakes I
7308,Apricot Sponge Cake
7309,Praline Chocolate Cake
7310,Burnt Sugar Cake I
7311,Mom's Fruitcake with Brandy
7312,Chocolate Cake I
7313,Brown Sugar Cake
7314,Favorite Chocolate Cake
7315,Orange Sponge Cake
7316,Philadelphia Red Cake
7317,Great Chocolate Cake
7318,Quick Sunshine Cake
7319,Double Chocolate Cake I
7320,Coconut Pound Cake
7321,Pineapple Layer Cake
7322,Favorite Old Fashioned Gingerbread
7323,Glorious Sponge Cake
7324,Angel Food Cake I
7325,Sour Cream Chocolate Cake
7326,Cream Cheese Pound Cake I
7327,Earthquake Cake I
7328,Worm Cake
7329,Karen A's Chocolate Dump Cake
7330,Maraschino Cherry Nut Cake
7331,Buttercream Cake Frosting
7332,Green Cake
7333,Strawberry Cake I
7334,Ricotta Cheese Cake
7335,Fruit Cocktail Cake I
7336,Pistachio Cake I
7337,Passover Brownie Cake
7338,Pineapple Pudding Cake
7339,Gateau D'Abricot A L'Orange
7340,Banana Nut Coconut Cake
7341,Cinnamon Teacake
7342,Easy Raisin Cake
7343,Cassata alla Siciliana (Sicilian Cream Tart)
7344,Banana Nut Frosting
7345,Gingerbread I
7346,Coconut Cake I
7347,Fresh Pineapple Upside Down Cake
7348,Creamy White Layers
7349,Devil's Food Cake I
7350,Chocolate Fudge Buttercream Frosting
7351,Auntie's Buttermilk Cake
7352,Our Favorite Chocolate Cake
7353,Coffee Frosting
7354,Norwegian Hazelnut Cake
7355,Cranberry Swirl Coffeecake
7356,Greek Vasilopita
7357,Chocolate Mint Cheesecake
7358,Melt In Your Mouth Blueberry Cake
7359,Fabulous Oatmeal-Bran Cake
7360,Banana Cake II
7361,Cream Cheese Frosting without Powdered Sugar
7362,Chocolate Spice Cake
7363,Old-Fashioned Spice Cake
7364,Easy Rum Cake
7365,Barb's Chocolate Cake
7366,Aunt Maria's Pudding Cake
7367,Lemonade Cake I
7368,Lemon Pound Cake I
7369,Rum Cake I
7370,Crumb Cake I
7371,Lemonade Frosting
7372,Grandma's Fudge Cake
7373,Donna's Sherry Wine Cake
7374,Fudge Cake
7375,Black Russian Cake I
7376,Pound Cake I
7377,Prune Mocha Cake
7378,Sunshine Cake
7379,Treasure Chest Cake
7380,Applesauce Cake I
7381,Maraschino Cherry Pound Cake
7382,Ice Box Cake I
7383,Holly's Black Forest Cake
7384,Chocolate Cappuccino Cheesecake
7385,White Chocolate Cheesecake with White Chocolate Brandy Sauce
7386,Happy Birthday Cake
7387,Pineapple Sponge Cake
7388,Egg-Yolk Sponge Cake
7389,Chocolate Chip Cake
7390,Butterscotch Filling
7391,Chocolate Glaze I
7392,Christmas Fruitcake
7393,Hot Fudge Cake
7394,Crazy Chocolate Cake
7395,Chocolate Meringue Frosting
7396,Party Cake
7397,Lemon Fluff Cake
7398,Orange Delight Cake
7399,Tres Leches (Milk Cake)
7400,Lite Carrot Cake
7401,Rich Dark Fruitcake
7402,Carrot Cake III
7404,Pumpkin Sheet Cake
7405,Tres Leches 'Three Milks'
7406,Key Lime Cake II
7407,Cinnamon Coffee Cake I
7408,Marble Crumb Cake
7409,Strawberry Torte
7410,Wedding Cake Frosting
7411,Peach Cake I
7412,Pineapple Upside-Down Cake I
7413,Turtles® Cake I
7414,Chocolate Cherry Cake II
7415,Kitty Litter Cake
7416,Chocolate Mayo Cake
7417,Dump Cake II
7418,Turtles® Cake II
7419,Sugar Free Cake
7420,Dump Cake III
7421,Better Than Sex Cake I
7422,Rhubarb Strawberry Cake
7423,Mayonnaise Cake  I
7424,Lemon Poppy Seed Loaf
7425,Red Velvet Cake I
7426,Pina Colada Cake I
7427,Pina Colada Cake II
7428,Seven-Up™  Sheet Cake
7429,Caramel Pound Cake
7430,Pumpkin Roll with Ginger and Pecans
7431,Easy Moravian Cake
7432,Coconut Cake II
7433,BaumKuchen
7434,Electric Frosting
7435,Donna's Famous Cheesecake
7436,Dried Cherry Cake
7437,Apple Dapple Cake
7438,Chocolate Peanut Butter Wacky Cake
7439,Swiss Chocolate Cake
7440,Chocolate Torte Frosting
7441,Key Lime Cheesecake I
7442,Mayonnaise Cake  II
7443,Rick's Special Buttercream Frosting
7444,Chocolate Mayonnaise Cake I
7445,Sour Cream Coffee Cake I
7446,Peach Upside Down Cake I
7447,Peach Upside Down Cake II
7448,Chocolate Sauerkraut Cake I
7449,Fluffy Creamy Frosting
7450,Texas Tornado Cake
7451,Caramel Nougat Cake
7452,Caramel Nougat Cake II
7453,Chocolate Caramel Nut Cake
7454,Caramel Nougat Cake III
7455,Chocolate Caramel Nut Cake II
7456,Peter's Cheesecake
7457,Sauerkraut Cake
7458,Sour Cream Chocolate Frosting
7459,Gooey Butter Cake I
7460,Butter Cake
7461,Mary Oppenhiemer's Butter Cake
7462,Flourless Chocolate Roll
7463,No-Bake Holiday Fruitcake
7464,Gingerbread II
7465,Dump Cake IV
7466,Deep Chocolate Raspberry Cake
7467,Sponge Cake Tiramisu
7468,Rhubarb Cake I
7469,Hot Milk Sponge Cake I
7470,Lady Baltimore Frosting
7471,Lady Baltimore Cake
7472,Graham Cracker Cake I
7473,Orange Chiffon Cake
7474,Carrot Cheesecake with Crumb Crust
7475,Crazy Cake
7476,Grandma's Chocolate Marvel Cake
7477,Party Frosting
7478,Cinnamon Swirl Bundt Coffee Cake
7479,Kentucky Butter Cake
7480,Chocolate Rum Cake
7481,Miami Beach Cake
7482,Rhubarb Stir Cake
7483,Rivel Kuchen
7484,Tunnel of Fudge Cake III
7485,Bee Sting Cake (Bienenstich) I
7486,Decorator Frosting I
7487,Honey Cake I
7488,White Cake Frosting I
7489,Harvey Wallbanger Cake
7490,Eggless Milkless Butterless Cake
7491,Fabulously Sweet Pear Cake
7492,Gooey Butter Cake II
7493,Buttermilk Pound Cake I
7494,Zucchini Cake I
7495,Peanut Butter Cake II
7496,Peanut Butter Frosting
7497,Sachertorte
7498,Chocolate Chip Date Nut Cake
7499,Zucchini Cake II
7500,Spanish Bar Cake
7501,Coco-Cola Cake I
7502,Coco-Cola Cake II
7503,Sock it to Me Cake I
7504,Sock it to Me Cake II
7505,Sock it to Me Cake III
7506,Caramel Frosting I
7507,Caramel Frosting II
7508,Strawberry Angels' Cake
7509,Jamaica Cake
7510,Fudgey Peanut Butter Chip Muffins
7511,Butter Brickle Cake
7512,Graham Cracker Cake II
7513,Pistachio Nut Cake I
7514,Microwave Mississippi Mud Cake I
7515,Better Than Sex Cake II
7516,Best Chocolate Cake
7517,Cherry Nut Cake II
7518,Carrot and Walnut Cake
7519,Daffodil Cake
7520,Poppy Seed Cake I
7521,Almond Custard Filling
7522,Rum Cake II
7523,Easter Lamb Cake I
7524,Seven-Up® Cake II
7525,Honey Cake II
7526,Mocha Cake II
7527,Easy Dump Cake
7528,Blueberry Dump Cake
7529,Poppy Seed Torte with Orange Glaze
7530,Mississippi Mud Cake I
7531,Mississippi Mud Cake II
7532,New York Cheesecake I
7533,New York Cheesecake II
7534,Orange Cream Cake I
7535,Chocolate Chip-Amaretto Pound Cake
7536,Kelly's Apple Cocoa Cake
7537,Butternut Spice Cake
7539,Heavenly Cake
7540,Buttery Cinnamon Cake
7541,Mini Cinnamon Cakes
7542,Special Buttercream Frosting
7543,Apple Chiffon Cake
7544,Barbadian Plain Cake
7545,Orange Nut Raisin Cake
7546,Cheesecake Supreme
7547,Honey Bun Cake I
7548,Dr Pepper® Cake
7549,Amaretto Cheesecake I
7550,Pineapple Cake II
7551,Buttery Milk Syrup
7552,Paris-Brest
7553,Vanilla Pastry Cream
7554,Banana Butter Icing
7555,Creamy Frosting
7556,Lemon Cream Cheese Frosting
7557,Seven Minute Frosting I
7558,Marshmallow Icing
7559,Seafoam Icing
7560,Poppy Seed Chiffon
7561,Caramel Frosting III
7562,Cone Cupcakes
7563,Graduation Cake
7564,Sour Cream Mocha Cake
7565,Too Much Chocolate Cake
7566,Orange Sunshine Cake
7567,Rainbow Cake
7568,No-Bake Popcorn Cake
7569,Hummingbird Cake I
7570,Battenburg Cake
7571,Groom's Cake
7572,Bridal Shower Cake
7573,Easter Party Cake
7574,White Wedding Cake
7575,Ornamental Icing
7576,Pie Cake
7577,Lemon Sponge Cake I
7578,Mocha Icing
7579,Apricot Filling and Frosting for Angel Food Cakes
7580,Snowy Boiled Icing
7581,Anniversary Cake
7582,Lemon Orange Filling
7583,Tomato Soup Cake I
7584,Pistachio Cake II
7585,Toffee Bar Coffee Cake
7586,Amaretto Cheesecake II
7587,Irish Cream Cheesecake
7588,Spiced Banana Cake
7589,Allspice Cream Cheese Frosting
7590,Genoise
7591,Aunt Johnnie's Pound Cake
7592,Sour Cream Coffee Cake II
7593,Yellow Pound Cake
7594,White Velvet Cake I
7595,Absolutely Delicious 'Scratch' Cake!
7596,Whipped Cream Icing I
7597,Cream Cheese Pound Cake II
7598,Peanut Butter and Chocolate Candy Cake
7599,Honey Comb Coffee Cake
7600,Mint Buttercream Frosting With Dark Chocolate Glaze
7601,Chocolate Mint Mayonnaise Cake
7602,Sad Cake
7603,Raspberry and Strawberry Buckle
7604,Hot Fudge Pudding Cake I
7605,No Bake Fruitcake
7606,Caramel Nougat Cake IV
7607,Chocolate Marshmallow Icing
7608,Peanut Candy Bar Cake
7609,Blackberry Wine Cake I
7610,Banana Nut Cake
7611,Honey Bun Cake II
7612,Chocolate Lovers' Favorite Cake
7613,Lane Cake
7614,Lane Cake Filling
7615,Apple Cake I
7616,Chocolate Chocolate Chip Dream Cake
7617,Spintz Cake
7618,Very Special Tomato Spice Cake
7619,Dutch Apple Cake
7620,Apple Bundt Cake
7621,Cornstarch Cake
7622,Old Fashioned Pineapple Upside-Down Cake
7623,White Mountain Cake
7624,White Mountain Frosting
7625,Whipped Cream Cake I
7626,Maple Walnut Frosting
7627,Almond Paste
7628,Martha Washington's Cake
7629,Gold Cake
7630,White Cream Cake
7631,Chocolate Chip Cookie Dough Cheesecake
7632,Granny Cake I
7633,Sour Cream Torte
7634,Banana Angel Food Cake
7635,Screw Pine Cake
7636,Halloween Layer Cake
7637,Golden Orange Frosting
7638,Butter Cream Frosting I
7639,Philly Cheesecake
7640,Gob Cake
7641,Sauerkraut Surprise Cake
7642,One - Two - Three - Four Cake I
7643,German Christmas Gingerbread
7644,Large White Birthday Cake
7645,Fluffy Boiled Icing
7646,Chocolate Buttermilk Cake
7647,Double Chocolate Cake II
7648,Spice Cake I
7649,Chocolate Buttercream
7650,Dobos Torte
7651,Poor Man's Cake I
7652,Chocaroon Cake
7653,Orange Pecan Cake
7654,Almond Lemon Cake
7655,Citrus Carrot Cake
7656,Old Hermit Cake
7657,Tomato Soup Cake II
7658,Funnel Cakes I
7659,Deep Dark Chocolate Peppermint Cake
7660,Butterfly Frosting
7661,Chocolate Icebox Cake
7662,Lord Baltimore Cake
7663,Orange Cream Cake II
7664,Thirty Minute Cocoa Cake With Quick Cocoa Frosting
7665,Lemon Pudding Cake I
7666,Queen Elizabeth Cake I
7667,Chocolate Mocha Cake I
7668,Praline Cheesecake
7669,Apricot Nectar Cake I
7670,Funnel Cakes II
7671,Sourdough Chocolate Cake
7672,Very Moist Gumdrop Cake
7673,Crushed Pineapple Fruitcake
7674,Coffee Icing
7675,Hummingbird Cake II
7676,Minnehaha Cake
7677,Royal Icing
7679,Nutmeg Cake
7680,Boiled Raisin Cake II
7681,Midnight Moon Cake
7682,Cassata Cake
7683,Cassata Cake Ricotta Cheese Filling
7684,Whippee Ripple Strawberry Cake
7685,Wacky Cake II
7686,Wonderful Banana Cake
7687,Coconut Layer Cake
7688,Angel Icing
7689,Grandma's Marshmallow Cake
7690,Cherry Almond Cake
7691,Fabulous Fudge Ribbon Cake
7692,Pineapple Mandarin Cake
7693,Mocha Magic Torte
7694,Johnny Cake
7695,Maple Ginger Cake
7696,Bertha's Big Bourbon Bundt Cake
7697,Rose Petal Pound Cake
7698,Pecan Torte
7699,Mocha Cream
7700,Autumn Cheesecake
7701,"Eggless, Milkless, Butterless Cake II"
7702,Lemon Gold Cake
7703,Heavenly White Cake
7704,Cherry Cream Cheese Cake
7705,Festive Fruitcake
7706,Pinto Bean Cake
7707,Mom's Brazil Nut Fruitcake
7708,Black Forest Dump Cake I
7709,Coconut Pecan Cake
7710,Carrot Cake IV
7711,Orange Juice Cake
7712,Fruit Cocktail Cake II
7713,Brownie Caramel Cheesecake
7714,Chocolate Turtles® Cheesecake I
7715,Rocky Road Cheesecake
7716,Lemon Pound Cake II
7717,Self-Filled Cupcakes I
7719,Chocolate Earthquake Cake I
7720,Rum and Raisin Cake
7721,Katrina's Banana Cake
7722,Buttermilk Pound Cake II
7723,Chocolate Roll I
7725,Foamy Butter Sauce
7726,Hawaiian Cake
7727,Fresh Orange Refrigerator Cake
7728,Blizzard Cake
7729,Self-Filled Cupcakes II
7730,Caramel Raisin Cheesecake
7731,Carrot Fruit Ring
7732,Banana Cake III
7733,Fluffy Banana Cake
7734,Apricot Brandy Pound Cake I
7735,German Chocolate Cake I
7736,Dark Chocolate Cake I
7737,Chocolate Cheese Frosting
7738,Almond Coconut Chocolate Cake
7739,Coconut Chocolate Cake I
7740,Marzipan
7741,Banana Split Cheesecake
7742,Apple Dump Cake
7743,Watergate Cake I
7744,Chocolate Roll II
7745,Toasted Butter Pecan Cake
7746,Pousse Cafe
7747,Grandpop's Special Chocolate Cake
7749,Cookies 'n Cream Cake
7750,Holiday Refrigerator Cake
7751,Angel Food Cake II
7752,Cherry Nut Snow Cake
7753,Carrot Cake V
7754,A-Number-1 Banana Cake
7755,Nectar Kake
7756,Watergate Cake II
7757,Tiramisu Cheesecake
7758,Zucchini Cake III
7759,Tomato Soup Cake III
7760,"Apple, Carrot, Or Zucchini Cake"
7761,Laurie Lundy Cake
7762,Chocolate Mocha Cake II
7763,Greek Lemon Cake
7764,Death By Chocolate I
7765,Death By Chocolate II
7766,Amaretto Cake
7767,Fourteen K Carrot Cake
7768,Butterscotch Cake I
7769,Soccer Ball Cake
7770,Lemon Icing
7771,Bride's Cake
7772,Strawberry Ice Cream Cake
7773,Maple Nut Cake
7774,Maple Butter Frosting
7775,Wacky Cake III
7776,Quick Vanilla Frosting
7777,Strawberry Marble Cake
7778,Tuppakaka
7779,Black Walnut Cake I
7780,Macadamia Pineapple Dream Cake
7781,Oatmeal Cake I
7783,Mr. Goodbar Frosting
7784,Raspberry Almond Coffeecake
7785,Strawberry Twinkie Dessert
7786,Mocha Cake I
7787,Thirty Minute Yellow Cake
7788,Better Than Brad Pitt Cake
7789,Chewy Peanut Butter Strips
7790,Gone with the Wind Cake
7791,Rhubarb Pudding Cake
7792,Plum Cake
7793,Strawberry Dream Cake I
7794,Rich Yellow Cake
7795,Coconut Chiffon Cake
7796,Mom's Buttercream Frosting
7797,Fondant Frosting
7798,Lemon Cream
7799,Punch Bowl Cake I
7800,Cream Cake
7801,Banana Split Cake I
7802,Peach Filled Cake
7803,Peach Graham Upside Down Torte
7804,Neiman Marcus Cake I
7805,Orange Glaze I
7806,Orange Oatmeal Cake
7807,German Marble Cake
7808,Chocolate Orange Marble Cake
7809,Birthday Party Cake
7810,Baked Alaska Dessert
7811,Easy Light Fruitcake
7812,Orange Party Cake with Chocolate Coating
7813,Lemon Cheese Cake
7814,Mam's Black Cake
7815,Caramel Cake I
7816,Better Than Sex Cake III
7817,White Cake with Lemon Filling
7818,Lemon Filling
7819,Apricot Brandy Pound Cake II
7820,White Texas Sheet Cake
7821,Chocolate Custard Cake
7822,Molasses Sponge Cake
7823,Lemon Pecan Pound Cake
7824,Williamsburg Orange Cake
7825,Williamsburg Butter Frosting
7826,Raspberry Nut Butter Cake
7827,Poke Cake I
7828,Diane's German Chocolate Cake
7829,Poke Cake II
7830,Gramma's Party Cake
7831,Amish Friendship Cake
7832,Creamy Cheesecake
7833,Homemade Chocolate Babka
7834,Hot Fudge Pudding Cake II
7835,Pumpkin Cheesecake I
7836,Lite Coconut Cake
7837,Chocolate Peanut Butter Marble Cake
7838,Ice Box Cake II
7839,Baby Food Cake I
7840,Apricot Nectar Cake II
7841,Pudding Icing
7842,Lemon Apricot Cake
7843,Pink Princess Cake
7844,Lemon Coconut Apricot Cake
7845,Raspberry Icebox Cake
7846,Cake and Ice Cream Cake
7847,Lemonade Cake II
7848,Double Chocolate Marble Cake
7849,Chocolate Banana Cake
7850,Lemonade Cake III
7852,Easter Cake
7853,Simnel Cake
7854,Nutty Graham Cake
7855,Toffee Cake
7856,Cream of Coconut Cake
7857,Mom's Date Pudding Cake
7858,Ruthie Cheese Cake
7859,Momma's Wine Cake
7860,Pumpkin Cake I
7861,Icelandic Christmas Cake
7862,Chocolate Angel Torte
7863,Almond Filling
7864,Lemon Chiffon Cake
7865,Fluffy Two Step Cheesecake I
7866,Pumpkin Cheesecake II
7867,Mom's Chocolate Cake
7868,Mock Angel Food Cake
7869,Neiman Marcus Cake II
7870,Best Boiled Fruitcake
7871,Incredibly Delicious Italian Cream Cake
7872,Wacky Cake IV
7873,Millionaire's Cake
7874,Matrimonial Bliss
7875,Pudding Poke Cake
7876,Cherry Almond Coffeecake
7877,Yellow Angel Food Cake
7878,Blueberry Coffee Cake I
7879,Pineapple Upside-Down Cake II
7880,Funnel Cakes III
7881,Raw Apple Pound Cake
7882,Light Cheesecake
7883,Banana Pudding Cake
7884,Two Part Angel Cake
7885,Birthday Cake
7886,Decorator Frosting II
7888,Elegant Light Fruit Cake
7889,Gold and Silver Cake
7890,Three Layer Coconut Cake
7891,Marble Cake I
7892,Chiffon Cake
7893,Dundee Cake
7894,Genoese Sponge
7895,Pear Cake
7896,Scottish Gingerbread
7898,Applesauce Oatmeal Cake
7899,Banana Oatmeal Crumb Cake
7900,Thirty Day Friendship Cake
7901,Webb's Cake
7902,Sugar Free Mocha Cheesecake
7903,Million Dollar Cake
7904,Apple Muffins
7905,Blueberry Muffins I
7906,Chocolate Chip Muffins
7907,Easy Jam Muffins
7908,Lemon Muffins
7909,Orange Muffins
7910,Streusel-Topped Muffins
7911,Sugar-Coated Muffins
7912,Whole Wheat Muffins
7914,Rhubarb Cake II
7915,German Apple Cake I
7916,Mom's Rum Cake
7917,Chocolate Web Cake
7918,White Chocolate Pound Cake
7919,Coconut Meringue Cake
7920,Almond Rum Cake
7921,Applesauce Rum-Raisin Cake
7922,Apple Coffee Cake With Brown Sugar Sauce
7923,Brown Sugar Sauce for Coffee Cake
7924,Brownstone Front Chocolate Cake
7925,Blue Cheese Cheesecake
7926,Strawberry Cake II
7927,Ugly Duckling Cake I
7928,Ugly Duckling Cake II
7929,Hot Fudge Sundae Cake
7930,Rolled Fondant
7931,Secret Cake
7932,Swiss Cheesecake
7933,Honey Vanilla Cheesecake with Gingersnap Crust
7934,Blueberry Cheesecake
7935,Coco-Cola Icing
7936,Colby Cheesecake
7937,Very Berry Cheesecake
7938,Chocolate Lover's Cheesecake
7939,Chocolate Cheesecake I
7940,Floating Brownie
7941,Strawberry Chocolate Mousse Cake
7942,Special Chocolate Cake I
7943,Valerie's Cherry Choco-Chip Cake
7944,Fast and Easy Low-Guilt Cake
7945,Ravishing Red Velvet Cake
7946,Sour Cream Banana Cake
7947,Mocha Decadence
7948,Key Lime Cheesecake II
7949,Lemon Cake with Lemon Filling and Lemon Orange Frosting
7950,Lemon Jelly Filling
7951,Lemon Orange Frosting
7952,Carol's Butter Pecan Cake
7953,Honeyed Apple Cake
7954,Apple Sour Cream Streusel Cake
7955,Chocolate Applesauce Cake I
7956,Dark Chocolate Orange Cake
7957,Richest Ever Chocolate Pound Cake
7958,Pumpkin Chocolate Chip Muffins
7959,Mississippi Mud Cake III
7960,Orange Rum Cake
7961,Chocolate Graham Nut Cake
7962,Apple Cake II
7963,Moist Herman Coffee Cake
7964,Fluffy Buttercream Frosting
7965,Victory Chocolate Cake
7966,Guava Cake
7967,Coco-Cola Cake III
7968,Peanut Crunch Cake
7969,Jewish Apple Cake I
7970,Best Ever Cheesecake
7971,Chocolate Macaroon Cake
7972,Joan's Fudge Icing
7973,Overnight Coffee Cake
7974,Chocolate Mousse Cheesecake
7975,Lime Kissed Cheesecake
7976,Eggnog Cheesecake
7977,Heavenly Chipped Chocolate and Hazelnut Cheesecake
7978,Bookbinder's Fabulous Cheesecake
7979,Raisin Cheesecake
7980,Southern Pecan Cheesecake
7981,Hummingbird Cake III
7982,Cherries in the Snow Cake I
7983,French Fruitcake
7984,Two Bowl Cake
7985,Blueberry Buckle
7986,Yellow Cake Made from Scratch
7987,Peach Cobbler Dump Cake I
7988,Chocolate Chip Apple Cake
7989,Fresh Apple Spice Cake
7990,Turtles® Cheesecake
7991,Chocolate Cream Frosting
7992,Chocolate Mint Cake Squares
7993,Saucy Cherry Cake
7994,Coconut Poke Cake
7995,Oreo® Cookie Cake
7996,Fruit Cocktail Cake III
7997,Never Fail Applesauce Spice Cake
7998,Italian Love Cake
7999,Golden Raisin Cheesecake
8000,Strawberry Cream Roll
8001,Oooh Baby Chocolate Prune Cake
8002,Chocolate Ganache Icing
8003,Muddy Chocolate Cheese Cake
8004,Pennsylvania Dutch Funny Cakes
8005,Two Step Creamy Cheesecake
8006,Banana Cake IV
8007,Low Sugar Mocha Nut Cake
8008,Watergate Cake III
8009,Eggless Chocolate Cake I
8010,Chocolate Applesauce Cake II
8011,Fudge Layer Cake
8012,Apple Stack Cake
8014,Simple 'N' Delicious Chocolate Cake
8015,Poppy Seed Cake II
8016,Dump Cake V
8017,Whiskey Cake I
8018,Sauerkraut Apple Cake
8019,Almond Pound Cake
8021,Petits Fours Frosting
8022,Red Velvet Cake II
8023,Pour Cake
8024,Half-hour Pudding Cake (Montreal Pudding)
8025,Chocolate Cherry Cake III
8026,Sugarless Fruitcake
8027,Vanilla Wafer Cake I
8028,Simply The Best Chocolate Cake
8029,Luscious Lemon Cake
8030,Lisa's Chocolate Chocolate Chip Cake
8031,Angel Food Cupcakes
8032,Mocha Fudge Cake
8033,Apple Cake and Butter Sauce
8034,Molasses Cake
8035,Chinese Steamed Cake
8036,"Eggless, Milkless, Butterless Cake III"
8037,No Guilt Cheesecake
8038,Better than Sex Cake IV
8039,Bee Sting Cake (Bienenstich) II
8040,Pineapple Cake III
8041,Watergate Cake IV
8042,Sleepy Cake
8043,Pig Pickin' Cake
8044,Rougemont Applesauce Cake
8045,Cakes In A Cone
8046,Blackberry Jam Cake
8047,Orange Cake
8048,Italian Cream Cake II
8049,Mystery Chocolate Cake
8050,Rich and Chocolaty Syrup Cake
8051,Four Egg Yellow Cake
8052,Applesauce Cake II
8053,Sour Cream Bundt Cake
8054,Fanny the Fish
8055,Pork-n-Beans Cake
8056,Pancakes
8057,Mocha Cake III
8058,Ooey Goey Cake
8059,Popcorn Cake II
8060,Passover Sponge Cake (Plava)
8062,Ice Cream Cone Treats
8063,Cake Mixes from Scratch and Variations
8064,Chocolate Cookie Cake
8065,Poor Man's Cake II
8066,Passover Chocolate Sponge Cake
8067,Vanilla Wafer Cake II
8068,Heritage Jam Cake
8069,Kentucky Fruit Filling
8070,Blackberry Jam Cake I
8071,Mango Cake
8072,Five Flavor Pound Cake I
8074,Five Flavor Pound Cake II
8075,Mincemeat Cake
8076,Caramel Cream Frosting
8077,Orange Slice Cake I
8078,Italian Creme Layer Cake
8079,Mother's Applesauce Cake
8080,Amazing Corn Cake
8081,German Chocolate Sauerkraut Cake
8082,Chocolate Spice Cake with Potato
8083,Mini Cheesecakes II
8084,Jeweled Fruitcake
8085,Quick Fruitcake
8086,Black Forest Chocolate Cake
8087,Ambrosia Cake
8088,Gooey Butter Cake III
8089,Chess Cake
8090,Red Velvet Cake III
8091,Ho Ho Cake
8092,Hawaiian Wedding Cake I
8093,Japanese Fruit Cake I
8094,Texas Pecan Candy Cake
8095,Black Forest Cake I
8096,Boiled Cake
8097,Chocolate Rapture Cake
8098,French Chocolate Cake
8099,Cooky Corn Cake
8100,Wacky Cake V
8101,Mandarin Orange Cake I
8102,Sock It to Me Cake IV
8103,Fudgy Cream Cheese Tunnel Cake
8104,Daniel's Favorite Cheesecake
8105,"Fruit Cocktail Cake with Sweet, Buttery Sauce"
8106,Easy Rich Chocolate Cake
8107,Orange Oatmeal Muffins
8108,Sweet Potato Cake
8109,Shoo Fly Cake
8110,Hardly Hard Sauce
8111,Cameo Cake
8112,Maple Icing
8113,Japanese Fruit Cake II
8115,Chocolate Mayonnaise Cake II
8116,Oat Bran Muffins
8117,Texas Sheet Cake III
8118,Cranberry Cake
8119,Easy Chocolate Banana Cake
8120,"Pralines, Coffee and Cream Cake"
8121,Peanut Butter and Banana Frosting
8122,Caterpillar Cake
8123,Banana Raisin Cake
8124,Coconut Frosting and Filling
8125,War Cake
8126,Pumpkin Roll Cake
8127,New Duchess Spice Cake with Maple Buttercream Frosting
8128,Beet Surprise Cake
8129,Chocolate Earthquake Cake II
8130,Sour Cream Coffee Cake III
8131,Cheesecake Chewies
8132,Apple Walnut Pound Cake
8133,Whipped Frosting I
8134,Aunt Mary's Chocolate Cake
8135,Best Buttercream Frosting
8136,Cherry Chocolate Cake
8137,Boston Cream Pie I
8138,Boston Cream Pie II
8139,Gluten-Free Yellow Cake
8140,Black Ice
8141,Food For The Gods I
8142,Taffy Apple Cake
8143,Jewish Apple Cake II
8144,Mardi Gras King Cake
8145,Chocolate Cakes with Liquid Centers
8146,Maple Walnut Muffins
8147,Oatmeal Cake II
8148,Sticky Toffee Pudding Cake
8149,Flourless Chocolate Cake I
8150,Persimmon Pudding Cake
8151,Rave Reviews Coconut Cake
8152,Caramel Frosting IV
8153,Burnt Sugar Chiffon Cake
8154,Orange Slice Cake II
8155,Mexican Wedding Cake
8156,Orange Cream Cake III
8157,Chocolate Mousse Cake I
8158,Non-Dairy Chocolate Cake with German Chocolate Frosting
8159,Hot Milk Sponge Cake II
8160,Barbie Doll Cake
8161,Philadelphia Style Butter Cake
8162,Cherry Chip Cake
8163,Amalgamation Cake I
8164,Moist Lemon Poppy Seed Cake
8165,Persimmon Brunch Cake
8166,Champagne Cake I
8167,English Caraway Cake
8168,Sicilian Ricotta Cheesecake
8169,Marble Swirl Pound Cake
8170,Apple Spice Cake
8171,Cream Cheese Coffee Cake I
8172,Blueberry Snow
8173,Cherry Cheesecake
8174,Old Fashioned Cinnamon Nut Cake
8175,Caramel Frosting V
8176,Peanut Butter Fudge Cake
8177,Sweet Potato Cheesecake
8178,Date Nut Mayonnaise Cake
8179,Gumdrop Fruitcake
8180,Seven-Up™ Cake III
8181,Lemon Ice-Box Cake I
8182,Cannoli Cake Roll
8183,Easy Eggless Chocolate Cake
8184,Neapolitan Bundt Cake
8185,Jama's Fancy Cakes
8186,Apple Kuchen
8187,Dirty Snow Cake
8188,Butter Tart Muffins with Raisins
8189,Port Wine Chocolate Cake
8190,Old Fashioned Kentucky Nut Cake
8191,Pina Colada Cake III
8192,Magic Spice Cake
8193,Chocolate Butterschnapps Cake
8194,Peanut Butter Tandycakes
8195,Sinful Flourless Espresso Cake
8196,Southern Praline Pecan Cake
8197,Southern Comfort Cake
8198,Boiled Chocolate Delight Cake
8199,Blue Ribbon White Cake
8200,Hummingbird Cake IV
8201,Strawberry Shortcake
8202,Hungarian Chestnut Cake
8203,Chocolate Italian Cream Cake
8205,Soda Pop Strawberry Angel Food Cake
8206,Peppermint Chiffon Cake
8207,Sugar Free Applesauce Cake
8208,Polish Rice Cake
8209,Banana Split Cake II
8210,Spiced Yogurt Pound Cake
8211,Apple Cake III
8212,Fresh Pear Cake
8213,Italian Cheesecake
8214,Depression Cake I
8215,Festive Prune Cake
8216,Burnt Sugar Cake II
8217,Dreamy White Chip Cup Cakes
8218,Snowball Cake I
8219,Lemon Custard Pudding Cake
8220,Aunt Irene's Frosting
8221,Black Bottom Cupcakes I
8222,Phila Butter Cake
8223,Almond Rhubarb Coffee Cake
8224,Raspberry Almond Cake
8225,Root Beer Cake I
8226,Butterscotch Spice Cake
8227,Sour Milk Spice Cake
8228,Basque Cake
8229,New York Cheesecake III
8230,Chocolate Cheesecake II
8231,Traditional Coffee Cake
8232,Chocolate Pudding Cake I
8233,Angel Cake Surprise
8234,One-Bowl Cheesecake
8235,Coconut Cake III
8236,Satiny Chocolate Glaze
8237,Golden Sponge Cake
8238,Grandmother's Pound Cake I
8239,Good For You Cheesecake
8240,Carrot Cake VI
8241,Strawberry Refrigerator Cake
8242,Heavenly Hash Cake
8243,Gooey Chocolate Icing
8244,Semolina Turmeric Cake (Sfoof)
8245,Kentucky Bourbon Cake
8246,Chocolate Cake in a Jar I
8247,Caramel Apple Cake
8248,Sour Cream Chocolate Chip Cake I
8249,Peach Cake II
8250,Mock Lemon Chiffon Cake
8251,Whoopie Pies
8252,Chocolate Angel Food Cake I
8253,Cajun Cake
8254,Fresh Coconut Cake
8255,Snickerdoodle Cake I
8256,Orange Cream Cake IV
8257,German Sweet Chocolate Cake I
8258,Banana Cake V
8259,Cream Cheese Cupcakes
8260,Chocolate Cake in a Jar II
8261,Little Mickey's Favorite Cheesecake
8262,Lori's White Bread Cake
8263,Best White Icing Ever
8264,Rocky Road Turtles® Cake
8265,Funnel Cakes IV
8266,Bible Cake
8267,Amish Cake
8268,Whipping Cream Pound Cake
8269,Raw Apple Cake
8270,Sam's Famous Carrot Cake
8271,Raspberry White Chocolate Mousse
8272,Peach Angel Food Cake
8273,Pat Maharaj Spice Cake
8274,Frost Me Nots
8275,No Bake Cheesecake II
8276,Nana V's  Company Cake
8277,MMMmmm Chocolate Cake
8278,Champagne Cake With Buttercream Icing
8279,Mountain Dew™ Cake
8280,Sand Cups
8281,Pineapple Angel Food Cake I
8282,Red Velvet Cake IV
8283,One - Two - Three - Four Cake II
8284,Pineapple Lemon Cake
8285,Mayonnaise Cake III
8286,Peach Upside-Down Cake III
8287,Applesauce Cake III
8288,Chocolate Chip Coffee Cake
8289,Poor Mans Cake III
8290,Fresh Fig Cake
8291,Carrot Cake VII
8292,Whipped Cream Icing II
8293,Hamburger Cake
8294,Dirt Cake II
8295,Earthquake Cake II
8296,Caramel Nut Cake in a Jar
8297,Punch Bowl Cake II
8298,Pecan Pie Cake I
8299,Better Than...Cake
8300,Country Pound Cake
8301,Banana Loaf Cake I
8302,Banana Chocolate Chip Cake
8303,Banana Rum Cake
8304,Aunt Lydia's Apple Cake
8305,Italian Cassata
8306,Robert Redford Cake
8307,Texas Sheet Cake IV
8308,Death By Chocolate III
8309,Zucchini Chocolate Orange Cake
8310,Key Lime Cake III
8311,Vodka Mocha Bundt Cake
8312,Chocolate Pudding Cake II
8313,Carrot Cake VIII
8314,Vanilla Ice Cream
8315,Piggy Pudding Dessert Cake
8316,Secret Chocolate Fantasy Cake
8317,Fruit In Crust Cheesecake
8318,Ms. Noonie's Good Nut Cake
8319,Brown Sugar Cream Cheese Frosting
8320,Sour Cream Chocolate Chip Cake II
8321,Applesauce Cake IV
8322,American Beauty Cake with Deanna's Frosting
8323,Old Fashioned Prune Cake
8324,Cartoon Cake
8325,Boston Cream Cake
8326,Garden Club Cake
8327,Chocolate Cherry Chip Cake
8328,German Chocolate Upside Down Cake
8329,Chocolate Chocolate Chip Bundt Cake
8330,Swedish Nut Cake
8331,Carrot Cake with Butter Sauce
8332,Screwdriver Cake
8333,Banana Cake VI
8334,Chocolate Date Cake I
8335,Butterscotch Cake II
8336,Secret Midnight Moon Better than Chocolate Sex Cake
8337,Fruity Bundt Cake
8338,Cannoli
8339,Ribboned Fudge Cake
8340,O.D.'s Strawberry Jam Cake
8341,Six Egg Pound Cake
8342,Rhubarb Upside Down Cake I
8343,Apple Spice Dump Cake
8344,Banana Split Cake III
8345,Caramel Nougat Bar Cake
8346,Zucchini Cake IV
8347,Easy Chocolate Fudge Cake
8348,"Seven-Up™  Mud, Fruit Slide Cake"
8349,Yellow Chess Cake
8350,Chantal's New York Cheesecake
8351,Surprise Cake
8352,Champagne Cake II
8353,Elvis Presley Cake
8354,Chocolate Pinwheel Cake
8355,Pecan Pie Cake II
8356,Aargau Carrot Cake
8357,Amalgamation Cake II
8358,Apple Cake IV
8359,Cream Cheese Pineapple Frosting
8360,Lemon Fiesta Cake
8361,Sausage Cake
8362,Potato Chocolate Torte
8363,Coconut Coffee Liqueur Cake
8364,Zucchini Chocolate Rum Cake
8365,Harvest Loaf Cake
8366,Wedding Cake Icing
8367,Creamy Buttercream Frosting
8368,Bakery Shop Icing
8369,Oatmeal Cake III
8370,Oreo™ Cookie Cake II
8371,Coconut Pecan Frosting I
8372,Black Magic Cake
8373,Food For The Gods II
8374,Chocolate Macaroon Bundt Cake
8375,Chocolate Glaze II
8376,Chocolate Pound Cake II
8377,Cake in a Jar
8378,Strawberries and Cream Cake
8379,Basic Cream Cheese Frosting
8380,The Most Popular Cake in America Cake
8381,Green Tomato Cake
8382,Graham Cracker Cake III
8383,Chocolate Decadence Cake I
8384,Cream Cheese Pound Cake III
8385,Italian Fresh Purple Grape Cake
8386,Zucchini Cake V
8387,Welfare Cake
8388,Sour Cream Pound Cake
8389,Wacky Cake VIII
8390,Tunnel of Fudge Cake II
8391,Best Chocolate Pound Cake
8392,Sourdough Starter
8393,Cranberry Muffins
8394,Eggless Whole Wheat Muffins
8395,Eggless Chocolate Cake II
8396,Chocolate Oil Cake
8397,Baby Ruth™  Layer Cake
8398,Sugarless Applesauce Cake
8399,Elegant Southern Jam Cake
8400,Special Frosted Applesauce Cake
8401,Applesauce Fruitcake
8402,Aunt Dee Dee's Apple Coffee Cake
8403,Cupcake Graveyard
8404,Great Pumpkin Dessert
8405,Franklin Nut Cake
8406,Pineapple Upside-Down Cake III
8407,Sea Foam Frosting
8408,Barm Brack
8409,White Chocolate Mocha Frosting
8410,Yum Yum Cake I
8411,Fruit Filled Cheesecake
8412,Pie Snacking Cake
8413,Dinette Cake
8414,Bee Lian's Rich Orange Cake
8415,Pineapple Upside-Down Cake IV
8416,Poppy Seed Bundt Cake I
8417,Chocolate Icing
8418,Washington Apple Cake
8419,Easy Sour Cream Cheesecake
8420,Chocolate Zucchini Cake II
8421,Chocolate Decadence Cake II
8422,Apple Cake in a Jar
8423,Pineapple Meringue Cake
8424,Beer Cake I
8425,My Mom's Apple Sauce Cake
8426,Special Chocolate Cake II
8427,Blueberry Muffins II
8428,Homemade Angel Food Cake
8429,Pineapple Upside-Down Cake V
8430,Cream Puff Cake
8431,Creamy Whipped Frosting
8432,Orange Rice Cake
8433,Pumpkin Roll with Toffee Cream Filling and Caramel Sauce
8434,Nannie's Hot Milk Sponge Cake
8435,Snow Tunnel Cake
8436,Shiny Chocolate Glaze
8437,Sherry Bundt Cake
8438,Darling Husbands' Cake
8439,Pineapple Upside-Down Cake VI
8440,One Egg Lemon Pound Cake
8441,Chocolate Torte
8442,Lemon Poke Cake I
8443,Aunt Blanche's Blueberry Muffins
8444,Black Forest Cake II
8445,English Trifle
8446,Chocolate Cavity Maker Cake
8447,Chocolate Hazelnut Cake
8448,Poppy Seed Cake III
8449,Strawberry Muffins
8450,Mom's Pineapple-Carrot Cake
8451,Chocolate Mousse Cake II
8452,White Velvet Cake II
8453,Mazarin Cake I
8454,Apple Cake V
8455,Amaretto Cream Cake
8456,Fuzzy Navel Cake I
8457,Sweet Potato Pound Cake
8458,Pumpkin Cream Cheese Muffins
8459,Pumpkin Roll II
8460,Gingerbread III
8461,Pineapple Macadamia Nut Cake
8462,Strawberry Shortcut Cake
8463,Beer Cake II
8464,Kayla's Southern Pecan Mist Cake
8465,Cool Whipped Frosting
8466,Coconut Lamb Cake
8467,Moist German Chocolate Cake
8468,Easy Pumpkin Cake
8469,Apple Cheesecake with Caramel Sauce
8470,Noel Fruitcake
8471,Ricotta Cake
8472,Chocolate Bundt Cake
8473,Cream Cheese Frosting III
8474,Orange Date Nut Cake
8475,Best Ever Butter Cream Frosting
8476,Lazy Dazy Cake I
8477,Old Fashioned Red Devil's Food Cake
8478,Nutty Cream Cheese Frosting
8479,Caramel Cake II
8480,Something Different Pound Cake
8481,Gail's Raisin Cake
8482,One - Two - Three - Four Cake III
8483,Toll House Crumbcake II
8484,Chocolate Sauerkraut Cake II
8485,Caramel Cake with Caramel Nut Frosting
8486,Caroline's Chocolate Fudge Frosting
8487,Raspberry Cup Cakes
8488,Hungarian Flourless Hazelnut Cake
8489,Chocolate Praline Layer Cake
8490,Classic Tiramisu
8491,Banana Cake VII
8492,White Chocolate Amaretto Cake
8493,Chicken With Mushrooms
8494,Jamaican Jerked Chicken
8495,Chicken Cordon Bleu I
8496,Busy Day Chicken
8497,Swiss Chicken Casserole I
8498,Tangy Chicken Breasts
8499,Basic Chicken Salad
8500,Mary's Pecan Crusted Chicken
8501,Buffalo Chicken Fingers
8502,Cranberry Chicken I
8503,Hawaiian Chicken I
8504,Quick Chicken Enchiladas
8505,Cashew Chicken I
8506,Florentine Curried Chicken
8507,Chicken In a Tarragon Sauce
8508,Parmesan Chicken I
8509,Crispy Herb Baked Chicken
8510,Hot Chicken Salad I
8511,Jazzy New Orleans Chicken
8512,Ginger Chicken
8513,Gypsy Chicken Stew
8514,Sesame Wings
8515,Chicken Curry I
8516,Pineapple Chicken
8517,Super Sunday Chicken
8518,Chicken Spaghetti I
8519,Chicken In Sour Cream
8520,Hawaiian Chicken II
8521,Mexicali
8522,Oh-So-Good Chicken
8523,Chicken and Summer Squash
8524,Chicken Breasts with Herb Basting Sauce
8525,Chicken Costa Brava
8526,Party Chicken I
8527,Garlic Chicken And Grapes
8528,Lemon Mustard Chicken
8529,My Mom's Parmesan Chicken
8530,Quick Sherry Chicken
8531,Chicken Cream
8532,Easy Cheesy Chicken I
8533,Quick Chicken Divan
8534,Bou's Chicken
8535,Breakfast Casserole
8536,Sweet and Sour Chicken I
8537,Chicken Chow Mein
8538,Golden Chili Chicken
8539,Chicken A La Orange
8540,Puff Pastry Roll
8541,Carol's Arroz Con Pollo
8542,Chicken Tortilla Casserole
8543,Chicken Something
8544,Alice's Sour Cream Chicken Breasts
8545,Quick and Easy Chicken
8546,Apple Stuffed Chicken Breast
8547,Chicken In Basil Cream
8548,Lemon Chicken I
8549,Honey Mustard Chicken
8550,Sweet And Sour Chicken Meatballs
8551,Spinach Stuffed Chicken Breasts
8552,Roasted Rosemary Chicken And Vegetables
8553,Marinated Chicken Salad
8554,Chicken with Red Grapes And Mushrooms
8555,Gourmet Chicken Salad
8556,Pollo Bella
8557,Chicken Delight
8558,Wings In Cola
8559,Apricot Chicken I
8560,Champagne Chicken
8561,Deviled Chicken Breasts
8562,Chicken Noodle Soup
8563,Mom's Texas Chicken
8564,Chicken a la King I
8565,Becky's Chicken Salad
8566,Lemon Cilantro Chicken
8567,Crispy Sesame Fried Chicken
8568,Chicken Salad Al La Barbara
8569,Fragrant Lemon Chicken
8570,Grilled Chicken Breast with Cucumber and Pepper Relish
8571,Blackened Chicken
8572,Grilled Chicken with Salsa Barbecue Sauce
8573,Olive Chicken I
8574,Leah's Chicken with Chickpeas
8575,Chili And Cheese Stuffed Chicken Breasts
8576,Montana Grilled Chicken
8577,Pecan Breaded Chicken Breasts
8578,Merwin's Chicken Marsala
8579,Gkai Kamin
8580,Pollo Fajitas
8581,Sarah's Chicken Lasagna
8582,San Antonio Chicken Roll Ups
8583,Sticky Chicken
8584,Holiday Chicken Salad
8585,Marinated Chicken Barbecue
8586,Elegant Chicken Athena
8587,Yammy Chicken
8588,Mango Chicken
8589,Wild Rice And Chicken Soup
8590,Tasty Chicken
8591,Peachy Chicken
8592,Parmesan and Basil Chicken Salad
8593,Chicken Scampi I
8594,Easy Chicken Casserole
8595,Easy Creamy Peppercorn Chicken
8596,Mediterranean Lemon Chicken
8597,Quick and Easy Mexican Chicken
8598,Chicken Scarpariello
8599,"Chicken, Cheese, and Biscuits"
8600,Chicken Nuggets
8601,Herbed Chicken Nuggets
8602,Tandoori Chicken I
8603,Oven-Fried Chicken
8604,LaVanda's Fried Chicken
8605,Veneto Chicken
8606,Ranch Crispy Chicken
8607,Low-Cal Chicken
8608,Chicken Newburg
8609,Chicken Berry Salad
8610,Chicken Creole
8611,Quick Chicken And Wine
8612,Aunt Teresa's Chicken
8613,California Chicken
8614,Caramelized Baked Chicken
8615,Pita Chicken
8616,Port And Mushroom Sauce Chicken
8617,Creamy Chicken
8618,Easy Chicken Pot Pie
8619,Baked Bar-be-Que Chicken
8620,Mexican Chicken Kiev
8621,Skillet Chicken Cordon Bleu
8622,Curried Microwaved Chicken
8623,Tiny Chicken Turnovers
8624,Chicken with Couscous
8625,Chicken Crunch Casserole
8626,Yummy Honey Chicken Kabobs
8627,White Chili I
8628,Yakisoba Chicken
8629,Wild Rice Spaghetti Chicken
8630,Warm Chicken Ranch Wraps
8631,Easy Slow Cooker Chicken
8632,Rollups
8633,Spicy Chile Casserole
8634,Italian Chicken
8635,Southern Fried Chicken
8636,Parmesan Chicken II
8637,Grilled Chicken with Ginger and Black Bean Sauce
8638,Pullum Frontonianum (Apicus Chicken)
8639,Candied Garlic Chicken Wings
8640,Swiss Chicken Casserole II
8641,Texas Ranch Chicken
8642,Sweet And Sour Glazed Chicken
8643,Robust Garlic Baked Chicken
8644,Raisin Rice Stuffed Chicken
8645,South Of The Sea Chicken and Bananas
8646,Hot Chicken Sandwiches I
8647,Baked Slow Cooker Chicken
8648,Melt In Your Mouth Chicken Pie
8649,Chicken Wings Pacifica
8650,Fabulous Fajitas
8651,Garden Chicken Stir Fry
8652,Garlic Chicken
8653,Chicken and Apple Curry
8654,Chicken and Artichokes
8655,Chicken Melt
8656,Fresh Asparagus and Chicken Casserole
8657,Julie's Chicken Salad
8658,Paprika Chicken with Mushrooms
8659,Mandarin Chicken Roll-Ups
8660,Cranberry Chicken II
8661,Chicken Wings
8662,Chicken and Rice Casserole I
8663,Chicken and Rice Casserole II
8664,Chicken and Garlic Stew
8665,Braised Balsamic Chicken
8666,Lemon Stuffed Chicken
8667,Jay's Jerk Chicken
8668,Chicken Piccata I
8669,Chicken Cordon Bleu II
8670,Chicken Fry
8671,Oriental Chicken Salad
8672,Kelaguen Chicken
8673,King Ranch Chicken Casserole I
8674,Chicken Nut Puffs
8675,Chicken O'Neill
8676,Chicken Oreganato
8677,Chicken Oriental
8678,Chicken Papadoris
8679,Chicken Paprikash I
8680,Caryn's Chicken
8681,Chicken and Sausage with Bowties
8682,Chicken a la Can Can
8683,Chicken and Mushroom Saute
8684,Chicken As You Like It
8685,Richard's Chicken Breasts
8686,Savory Crescent Chicken
8687,African Chicken Stew
8688,Fancy Chicken Salad
8689,Chicken Chipulos
8690,Spicy Rapid Roast Chicken
8691,Chicken Enchiladas I
8692,Chicken Eugene
8693,Chicken Supreme III
8694,Chicken Enchiladas II
8695,Chicken Supreme II
8696,Chicken Tequila Fettuccini
8697,Classic Chicken Tetrazzini
8698,Chicken with Cashews
8699,Chicken and Leek Casserole
8700,Chicken and Biscuit Casserole
8701,Chicken Breasts with Balsamic Vinegar and Garlic
8702,Chicken a la King II
8703,Carole's Sesame Chicken Salad
8704,Chicken Claridge Stew
8705,Hot Chicken Salad II
8706,Chicken Curry II
8707,Chicken Enchilada Casserole I
8708,Swiss Chicken
8709,Roasted Lemon Herb Chicken
8710,Chicken Sopa
8711,Island Chicken with Fruit Salsa
8712,Best Easy Chicken Croquettes
8714,Baked Lemon Chicken with Mushroom Sauce
8715,Cathy's Creamy Chicken Bake
8716,Creole Chicken I
8717,Deep South Fried Chicken
8718,Down Home Chicken
8719,Heather's Best Ever Baked Chicken
8720,Honey Mustard Grilled Chicken
8721,King Ranch Chicken Casserole III
8722,Mexican Chicken I
8723,Sunshine Chicken
8724,Tangy Chicken
8725,Slow Cooker Escalloped Chicken
8726,Orange Island Chicken
8727,One Dish Chicken Bake
8728,Owen's Chicken Rice
8729,Julia's Easy Slow Cooker Chicken
8730,Oregano Chicken
8731,"Pasta, Chicken and Artichokes"
8732,Poppy Seed Chicken
8733,Italian Chicken with Garlic and Lemon
8734,Honey Baked Chicken II
8735,Italian Chicken Bow Tie Pasta
8736,Jerk Chicken and Pasta
8737,Kowloon's Chinese Chicken Wings
8738,Parsley Spinach Chicken Stew
8739,Salsafied Chicken and Rice
8740,Scrumptious Chicken
8741,Mochiko Chicken
8742,Thai-Style Chicken Wings
8743,Thai Coconut Chicken
8744,Tarragon Chicken Casserole
8745,Super Easy Chicken Fingers
8746,Southwest Chicken Casserole
8747,Chicken Bake and Rice
8748,Dee's Special Chicken
8749,Easy and Delicious Chicken
8750,Raspberry Vinegar Chicken Breasts
8751,Mango Salsa Chicken
8752,Ainaa's BBQ Chicken
8753,Angel Hair Pasta with Peppers and Chicken
8754,Apricot Chicken II
8755,Bloody Mary Chicken
8756,Wine Sauce Chicken
8757,Basil Cream Chicken
8758,White Cheese Chicken Lasagna
8759,Embarrassingly Easy Barbecue Chicken
8760,Easy Chicken Salad
8761,Chicken Scampi II
8762,Creamy Chicken Asparagus Casserole
8763,Creamy Garlic Mushroom Chicken
8764,Mexican Chicken II
8765,Smothered Bacon Chicken
8766,Mediterranean Stuffed Chicken
8767,Green Chile Chicken Soup
8768,Sweet Spicy Wings
8769,Orange Teriyaki Chicken
8770,Teriyaki Chicken for the Busy Cook
8771,Chicken Delicious
8772,Creole Chicken II
8773,Chicken and Stuffing
8774,Cajun Spiced Chicken
8775,Chicken Continental
8776,Cheddar Chicken
8777,Cheesy Chicken Florentine
8778,Cajun Chicken Pasta
8779,Chicken Potato Salad
8780,Quick Chicken Marsala
8781,German Chicken
8782,Chicken Lollipops
8783,Bacon Chicken I
8784,Southern Chicken Salad
8785,Mom's Old Fashioned Fried Chicken
8786,Easy Cheesy Chicken II
8787,Lowfat Baked Chicken
8788,Grilled Pineapple Chicken Sandwiches
8789,Chicken Vegetable Stew
8790,Chicken Salad Spread
8791,Veggies and Chicken in Cream Sauce
8792,Sour Cream Marinated Chicken I
8793,Quick Polynesian Chicken
8794,Pollo Bianco
8795,Honey Lime Chicken Wings
8796,Mom's Chicken Cacciatore
8797,Lizzy's Creamy Chicken Bake
8798,Best Ever Chicken Casserole
8799,"Okra, Chicken and Rice Casserole"
8800,Poppy Seed Poultry Casserole
8801,Golden Chicken Tenders
8802,Tanya's Louisiana Southern Fried Chicken
8803,Raspberry Chicken Salsa Torte
8804,Simple Chicken Gravy
8805,Crispy Fried Chicken
8806,Easiest Oven Baked Chicken
8807,Chicken and Dumplings I
8808,Chicken Pot Pie II
8809,Gram's Chicken Pot Pie
8810,Chicken and Dumplings with Biscuits
8811,Chicken Gravy
8812,Game Hens Southwestern-Style
8813,Chicken Salad
8814,Homemade Chicken Soup
8815,Best Chicken Quiche
8816,Party Chicken II
8817,Slow Cooker Chicken Cacciatore
8818,Pico de Gallo Chicken Quesadillas
8819,Teriyaki Chicken
8820,Cream of Mushroom Chicken
8821,Breaded Parmesan Chicken
8822,Easy Chicken Noodle Casserole
8823,Spinach Chicken Parmesan
8824,King Ranch Chicken Casserole II
8825,Easy Italian  Chicken
8826,Spinach and Bacon Chicken
8827,Easy Rosemary Chicken
8828,Almond Lemon Chicken
8829,Baked Chicken on Rice
8830,Mushroom Chicken Parmesan
8831,Mozzarella Parmesan Chicken
8832,Sunday Company Chicken
8834,Grilled Chicken Wraps
8835,Chicken Chili
8836,Fried Chicken
8837,Almond Chicken Casserole I
8838,Apple and Orange Chicken
8839,Bacon Wrapped Chicken
8840,Baked Apricot Chicken
8841,Oven Fried Chicken II
8842,Basil Chicken over Angel Hair
8843,Chicken 'n' Stuff
8844,Easy Garlic and Rosemary Chicken
8845,Onion Chicken in Balsamic Sauce
8846,Chicken and Stuffing Casserole
8847,Baked Honey Mustard Chicken
8848,Potato Chip Chicken Casserole
8849,Baked Chicken Nuggets
8850,Easy Baked Chicken
8851,Wild Rice and Asparagus Chicken Breasts
8852,Peachy Chicken Picante
8853,Chicken Piccata II
8854,Broccoli Chicken Divan
8855,Rice and Chicken Casserole
8856,Veggies and Chicken Casserole
8857,Curried Honey Mustard Chicken
8858,Cream of Chicken Breasts
8859,Chinese Noodle Chicken
8860,Bok Bok Popovers
8861,Apricot Glazed Chicken
8862,Creamy Dilled Chicken Casserole
8863,Gina's Lemon Pepper Chicken
8864,Greek Chicken Salad
8865,Grilled Chicken and Pasta Salad
8866,Korean Chicken
8867,Sour Cream Chicken
8868,Chicken Soup Casserole
8869,Sour Cream Broccoli Casserole
8870,BBQ Chicken Salad
8871,Kim's Chicken Dip
8872,Chicken a la Mayo
8873,Easy Chicken Rice Casserole
8874,Slow Cooker Lemon Garlic Chicken I
8875,Cranberry BBQ Chicken
8876,Mozzarella Chicken
8877,Easy Spicy Chicken and Rice
8878,Chicken Flautas
8879,Slow Cooker Carrot Chicken
8880,Drunken Chicken
8881,Southwestern Chicken Lasagna
8882,Thai Chicken Wings
8883,The Best Barbequed Chicken Ever
8884,Chicken Liver Appetizers
8885,Auto Parts Chicken
8886,Aloha Chicken
8887,Chicken Marsala
8888,Chicken Valdostano
8889,Southern Style Chicken and Dumplings
8890,General Tsao's Chicken
8891,Cindy's Tasty Wings
8892,Buttermilk Potato Fried Chicken
8893,Baked Chicken Thermidor
8894,Chicken Divan
8895,Easy and Delicious Chicken and Rice Casserole
8896,Chicken Hurry
8897,Cranberry Chicken III
8898,Cheesy Breaded Chicken
8899,Pat's Dumplings
8900,Prune and Olive Chicken
8901,Chicken Piccata III
8902,BBQ Chicken
8903,BBQ Sauce for Chicken
8904,Bunjal Chicken
8905,Golden Vegetable Chicken
8906,Oven Barbecued Chicken
8907,Best Chicken Ever
8908,White Wine Broccoli Casserole
8909,Chicken and Rice
8910,Sherry Sour Cream Chicken
8911,True Love Chicken
8912,Chicken Soup
8913,Easy Flake Chicken
8914,Chinese Chicken Salad
8915,Chicken Angelo
8916,Chicken Hekka
8917,Easy Deviled Chicken
8918,Easy Garlic Chicken
8919,Grilled Asian Chicken
8920,Chicken Francese
8921,"Creamy Chicken with Corn, Tarragon and Tomatoes"
8922,Chicken Dijon
8923,Mushroom Chicken Dijon
8924,Rollatini with Pork and Rosemary Filling
8925,Golden Lasagna
8926,Green Olive Chicken I
8927,Skillet Balsamic Chicken
8928,Orange Sauce Chicken
8929,Kobete Chicken
8930,Cocoa Fried Chicken
8931,Garlic Caesar Chicken Tenders
8932,Fruity Curry Chicken Salad
8933,Feta Chicken
8934,Garlic Chicken Stir Fry
8935,Easy Garlic Ginger Chicken
8936,Easy Cheesy Skillet Chicken
8937,Busy Day Chicken Rice Casserole
8938,Cornish Game Hens with Garlic and Rosemary
8939,Pepper Chicken Piccata
8940,Lighter Chicken and Dumplings 
8941,Slow Cooker Chicken and Dumplings
8942,Gourmet Cucumber Chicken Salad
8943,Country Chicken Supper
8944,Easy Shake and Bake Chicken
8945,Chicken Enchilada Casserole II
8946,Monster Sour Cream Enchiladas
8947,Buffalo Chicken Wings I
8948,Italian Chicken Marinade
8949,Chicken Spaghetti Casserole I
8950,Luau Chicken
8951,Orange Honey Garlic Chicken
8952,Marinated Rosemary Lemon Chicken
8953,Easy Mexican Fried Chicken
8954,Spicy Chicken Curry
8955,Pakistani Potato Chicken
8956,Ritzy Chicken Livers
8957,Hunter Style Chicken
8958,Quick Chicken and Noodles
8959,Ziti Chicken and Broccoli
8960,Vinegar Chicken
8961,Easy Pasta Chicken
8962,Chicken Stroganoff I
8963,Oven Fried Chicken III
8964,Chicken a la Charlie
8965,Broccoli Chicken Casserole I
8966,Gerry's Chicken Enchiladas
8967,Paprika Chicken
8968,Chicken Gravy Enchilada Casserole
8969,Easy Enchilada Casserole
8970,Millie Pasquinelli's Fried Chicken
8971,Granny's Smothered Chicken
8972,Forty Garlic Chicken
8973,Al's Rum Chicken
8974,Easier Chicken Marsala
8975,Chicken Parmigiana
8976,Chicken Spaghetti II
8977,Keligun Chicken
8978,Garlic Wine Chicken
8979,Easy Almond Chicken
8980,Coq au Vin alla Italiana
8981,Egg Chicken Casserole
8982,Shir-Will Chicken Delight
8983,Uncle Bill's Chicken Strips
8984,Uncle Bill's Sweet and Sour Sauce
8985,Spanish Rice Chicken I
8986,Quick Rice Pilaf
8987,Cheesy Chicken and Potato Casserole
8988,Janet's Chicken Casserole
8989,Picante Chicken
8990,Gourmet Chicken Pizza
8991,Curry Kabobs
8992,Hawaii Chicken
8993,Caper Chicken Cacciatore
8994,Breaded Chicken Fingers
8995,Confetti Chicken
8996,Vegetable Swiss Chicken
8997,Honey Curried Chicken
8998,Darn Good Chicken
8999,Val's Hungarian Jewish Chopped Liver
9000,Honey Fried Chicken
9001,Three Pepper Chicken
9002,Sesame Oil Chicken Wings
9003,Chicken Enchiladas III
9004,Marinated Rosemary Chicken
9005,Saucy Chicken Cordon Bleu
9006,Creme Fraiche Chicken
9007,JL's Cognac Chicken
9008,Swiss Sherry Chicken
9009,Springfield Style Cashew Chicken I
9010,Chipotle Chicken
9011,Simple Lemon Herb Chicken
9012,Chili Chicken I
9013,Chili Chicken II
9014,Three Pepper Pilaf
9015,Dressed Up Chicken
9016,Shannon's Lower Fat Chile Relleno
9017,Brenda's Pepperoni Chicken Rollups
9018,Chutney Chicken
9019,Pollo Encebollado
9020,Tangy Chicken Fajitas
9021,Satay Chicken Pizza
9022,Hazelnut Chicken
9023,Baked Teriyaki Chicken
9024,Broiled Chicken with Roasted Garlic Sauce
9025,Bourbon Chicken
9026,One Dish Bourbon Chicken
9027,Kung Pao Chicken
9028,Barley Chicken Casserole
9029,Spanish Chicken
9030,Chicken Breasts Stuffed with Crabmeat
9031,Tangy Cereal-Coated Chicken
9032,Easy Skillet Chicken a la King
9033,Three Pan Potato Enchiladas
9034,Rosemary Chicken
9035,Becki's Oven Barbecue Chicken
9036,Broccoli Chicken Roli
9037,Smoky Mountain Chicken
9038,Anniversary Chicken I
9039,Aztec Casserole
9040,Chicken A La Impress Me
9041,Devil Curry
9042,Curry Chicken Salad
9043,Squash Stuffed Chicken Breasts
9044,Tomato Chicken Parmesan
9045,Brie Cranberry and Chicken Pizza
9046,Jenny's Lime Glazed Chicken
9047,Last Night's Chicken
9048,Lloyd's Healthy Chicken Zoopa
9049,Spicy Tomato Chicken Casserole
9050,Spicy Tomato Chicken
9051,Lemon Chicken II
9052,Chinese Restaurant-Style Sesame Chicken
9053,Leftover Chicken a la King
9054,Super Fast and Easy Chicken a la King
9055,Uncle Josh's Famous Chicken and Rice
9056,White Wine Almond Chicken
9057,Chicken Bog
9058,Lime Chicken Picante
9059,Broccoli Chicken Fettuccini Alfredo
9060,Updated Mulled Cider
9062,Apple and Onion Dressing
9063,Apple Pecan Cornbread Dressing
9064,"Artichoke, Mushroom and Parma Ham Tart"
9065,Baby Carrots And Brussels Sprouts Glazed With Brown Sugar and Pepper
9067,Bacon Turnip Mash
9068,Amber's Super Stuffing
9069,Baked Corn
9071,Aunt Wanda's Turkey Carcass Soup
9072,Baked Fennel with Gorgonzola Cheese
9073,Baked Miniature Pumpkins
9074,Baked Pineapple with Crackers
9075,Baked Sweet Potato Wedges
9076,Baked Sweet Potatoes with Ginger and Honey
9077,Baked Whole Pumpkin
9079,Bing Cherry Gelatin Salad
9080,"Easy Blue Cheese, Port, and Walnut Spread"
9081,Brandied Candied Sweet Potatoes with Brown Sugar
9082,Broccoli Casserole with Rice
9083,Broccoli Salad
9084,Broccoli Stuffing
9085,Butterhorn Rolls
9086,Butternut Squash with Pecans
9087,Buttery Dinner Pan Rolls
9088,Candied Sweet Potatoes
9089,Cherry Salad
9090,Chess Pie
9091,Chestnut Soup
9092,Chocolate Caramel Candy
9093,Chocolate Pecan Pie
9094,Corn Pudding II
9095,White Corn Pudding
9096,Corn Pudding III
9097,Potluck Corn Pudding 
9098,Corn Souffle
9099,Cranberry Apple Gelatin Mold
9100,Cranberry Apple Sauce
9101,Cranberry Cherry Pie
9102,Cranberry Chutney I
9103,Cranberry-Tomato Chutney
9104,Cranberry Conserve
9105,Cranberry-Orange Nut Bread
9106,Cranberry Relish I
9107,Cranberry Relish II
9108,Fluffy Cranberry Salad 
9109,Cranberry Salad II
9110,Cranberry Salad III
9111,Cranberry Sauce
9112,Cranberry Sauce with Raspberry Vinegar
9114,Cranberry Waldorf with Yogurt
9115,"Cranberry, Sausage and Apple Stuffing"
9116,Cranberry-Black Cherry Gelatin Salad
9117,Cream Cheese Corn
9118,Creamed Onions and Sage
9119,Creole Cornbread Stuffing
9120,Slow Cooker Stuffing
9121,Dad's Pumpkin Chiffon Pie
9122,Dee's Date and Nut Bread
9123,Dee's Hot Milk Sponge Cake
9124,Easy Delmonico Potatoes
9126,Dressing Patties
9127,Chocolate Chip Pie II
9128,Eggnog and Cranberry Salad
9129,Extra Gingery Bread
9130,Festive Onions
9131,Feta Cheese Foldovers
9132,Fruit Cocktail Cake
9133,Glazed Pearl Onions With Raisins And Almonds
9135,Great Grandma's Bread Stuffing
9136,Green Bean Casserole from Scratch
9137,Green Bean Casserole II
9138,Green Beans With Walnuts
9139,Bavarian Ice Cream Pie
9140,Green Turkey and Cheese Casserole
9141,Grilled Goose with Prune Stuffing and Gravy
9142,Harvest Pumpkin Soup
9143,Harvest Rice Dish
9144,Hawaiian Fruit Crumble
9145,Hearty Turkey Soup with Parsley Dumplings
9146,"Homestyle Turkey, the Michigander Way"
9148,Insalata Cotta e Cruda
9149,Joey's Bread Pudding
9150,Lilley Mashed Potato Casserole
9151,Lime Gelatin Salad
9152,Lucy's Carrot Pudding
9153,Ma Lipo's Apricot-Glazed Turkey with Roasted Onion and Shallot Gravy
9154,Make-Ahead Mashed Potatoes
9155,Maple Roast Turkey and Gravy
9156,Mashed Root Vegetable Casserole with Caramelized Onions
9158,Michelle's Famous Washed Cranberry Sauce
9161,Mom's Great Green Beans
9162,Mom's Traditional Creamed Onions
9163,Moore's Cranberry Gelatin Salad
9164,Nutmeg Mushrooms
9165,Nutty Wild Rice Salad with Kiwifruit and Red Grapes
9166,Old-Fashioned Scalloped Corn
9167,Orange and Onion Salad
9168,Orange Glazed Sweet Potatoes
9169,Spiced Orange Cranberry Sauce
9170,Oyster Stuffing
9171,Patty's Mashed Turnips
9172,Peanut Brittle
9173,French Tourtiere
9174,Peanut Butter Pie
9175,Pear Conserve with Cherries and Hazelnuts
9177,Quick Pecan Pie Bars
9178,Pecan Pie Bars with Cake Mix
9179,Potato and Shiitake Mushroom Gratin
9180,Grandma's Potato Dumplings
9181,Poultry Seasoning
9182,Pumpkin Biscuits
9183,Pumpkin Butter I
9184,Pumpkin Casserole
9185,Pumpkin Cheese Pie with Condensed Milk
9187,Pumpkin Mousse
9188,Pumpkin Pecan Cheesecake
9189,Pumpkin Pie
9191,Pumpkin Soup
9192,Pumpkin Spice Ring
9193,Red Cabbage With Apricots And Balsamic Vinegar
9194,Red Pepper and Corn Relish
9195,Roast Turkey With Tasty Chestnut Stuffing
9196,Roasted Root Vegetables With Apple Juice
9197,Romaine with Garlic Lemon Anchovy Dressing
9199,Rosemary Roasted Turkey
9201,Sara's Pumpkin Pie
9202,Sausage Stuffing
9203,Savory Turkey Gravy
9204,Scalloped Corn
9205,Scalloped Oysters
9206,Screaming Potatoes
9207,Serious Herb Cheese Spread
9208,Smashed Sweet Potatoes
9209,Southern Candied Sweet Potatoes
9210,Spicy Persimmon Chutney
9211,Squash Casserole I
9212,Squash-Carrot Casserole
9213,Savory Stuffed Celery Bites
9214,Cranberry Stuffed Turkey Breasts
9215,Stuffed Turkey Legs
9216,Sugarless Pumpkin Pie
9217,Super Moist Pumpkin Bread
9218,Sweet Potato Balls Appetizer
9219,Sweet Potato Casserole I
9220,Sweet Potato Casserole II
9221,Sweet Potato Casserole III
9222,Sweet Potato Casserole IV
9223,Sweet Potato Casserole with Eggnog
9224,Sweet Potato Fluff
9225,Sweet Potato Souffle
9226,Tarragon Stuffing
9227,Thanksgiving Meatloaf
9228,Old-Fashioned Three Bean Salad
9229,Three Cranberry Relish
9230,Turkey Pot Pie
9231,Turkey Tenderloins
9232,Twice Baked Potatoes I
9233,Vegetarian Stuffing
9234,Pumpkin Pie with Walnut Streusel Topping
9235,Whipped Carrots And Parsnips
9236,Wild Mushroom Stuffing for Turkey
9237,Winter Fruit Salad with Lemon Poppyseed Dressing
9238,Yeast Hot Rolls
9239,Yorkshire Pudding
9240,Roast Goose with Port Gravy
9241,Roast Goose with Stuffing
9242,Roast Pork with Cranberry Glaze
9243,Hot Buttered Rum Mix
9244,Winter Wonder Bars
9245,Grandma Weld's Cookies
9246,Gingerbread Cupcakes with Cream Cheese Frosting
9247,Christmas Breakfast Sausage Casserole
9248,Sunday School Fudge
9249,Holiday Hot Spinach Dip
9250,Baked Cream Cheese Appetizer
9251,Pork Pie
9252,Roast Pork
9253,Roast Pork with Maple and Mustard Glaze
9254,Kriss Kringle Cookies
9255,Coconut Coquito
9256,Scandinavian Glogg
9257,Tom and Jerry
9258,Candy Cane Cocoa
9259,Wassail I
9260,Sparkling Punch
9261,Holiday Red Punch
9262,Apricot Fruitcake
9265,Christmas Cake
9266,Christmas Cherry Cake
9271,Festive Fruitcake I
9273,Fruitcake
9274,Easy Fruitcake Without Citron
9275,Light Fruitcake
9278,Mom's Fruitcake
9283,Unbaked Fruit Cake
9285,Chocolate Plum Pudding Cake
9287,Christmas Wreath Cake
9292,Mafioso Chocolate Cake
9293,Minnehaha Cake
9294,Plum Bread
9295,Red Velvet Cake
9298,Eggnog Cheesecake I
9300,Mini Cheesecakes with Vanilla Wafers
9301,Pecan Cheesecake
9302,No-Bake Raisin Cheesecake
9303,Pumpkin Roll
9304,Pumpkin Cake
9306,Hazelnut and Chipped Chocolate Cheesecake
9307,Sugarplum Bread
9308,Meatball Appetizers
9309,Water Chestnut Wraparounds
9310,Appetizer Sausage Balls in Blankets
9311,Molasses Cookies
9313,Cherry Shortbread Cookies
9314,Drop Nut Cookies
9315,Christmas Spice Cookies
9316,Grandma's Five Cup Salad
9317,Roast Goose with Wild Rice Stuffing
9318,Super Crispy Roasted Goose
9319,White Fruit Cake
9320,White Chocolate Covered Pretzels
9321,Orange Crunch Bundt® Cake
9322,Classic Butter Tarts
9323,Leftover Pot Pie
9324,Calamari in Red Wine and Tomato Sauce
9325,Spiced Ham Loaf
9326,Christmas Carol Punch
9327,Divinity
9328,Ricotta Pie (Old Italian Recipe)
9329,Gingerbread Men
9330,Molasses Sugar Cookies
9331,Spiced Apples
9332,Tangy Classic Daiquiris
9333,Sausage Christmas Cake
9334,Raisin Pudding
9335,Hot Cocoa Mix
9336,Alaska Salmon Bake with Pecan Crunch Coating
9337,Citrus Broiled Alaska Salmon
9338,Lime Salad
9339,Lion House Wassail
9340,Turkey Tetrazzini
9341,Turkey 'n Stuffing Bake
9342,Chocolate Peanut Butter Pie
9343,Best Rolls Ever!
9344,Cajun Spice Seasoning Mix in a Jar
9345,Coconut Jays
9346,Chocolate Cookie Cheesecake
9347,Nana's Christmas Stollen
9348,Bill's Divinity
9349,"Roasted Pork, Fennel, and Onions"
9350,Olga's Potica
9351,Eggnog I
9352,Chocolate Rum Mousse Pie
9353,Strawberry Bread
9354,Frozen Christmas Pudding
9355,Christmas Cheese Cake
9356,Dad's Oyster Dressing
9357,Best Ever Cheese Fudge
9358,Cheese Ball I
9359,Classic Yule Log
9360,Pecan Tassies
9361,Dad's Divinity
9362,Microwave Oven Peanut Brittle
9363,Leg of Lamb
9364,Ischl Tartlets
9365,Toffee I
9366,The Ultimate Chocolate Bar
9367,Christmas Cookies II
9368,Fudge
9369,Santa's Favorite Cake
9370,Really Easy Bread Stuffing
9371,Kartoshnik with Cheese and Onions
9372,Jalapeno Cranberry Sauce
9373,Mamie's Salad
9374,Chocolate Bread Pudding with Bourbon Pecan Sauce
9375,Popcorn Cake I
9376,Cranberry Raspberry Sauce
9377,Roasted Vegetables
9378,Candy Popcorn Cake
9379,Aunt Mazo's Dessert
9380,Roast Leg of Lamb
9381,Prime Rib
9382,Festive Bean Spread
9383,Hot Crab Dip Appetizer
9384,Alan's Pie Crust
9385,Boiled Custard I
9386,Caramel Corn I
9387,Italian Butter
9388,Boiled Custard II
9389,Russian Tea I
9390,Coconut Rum Balls
9391,Easy Caramel Sauce
9392,Caramel Corn II
9393,Caramel Corn III
9394,Peanut Butter Fudge I
9395,Kinderpunsch
9396,Choco Shortbreads
9397,Pepper Jelly
9398,My Grandma's Mint Patties
9399,Pomegranate Jelly
9400,Potato Candy
9401,Salmon Patties I
9402,Old-Fashioned Rice Pudding I
9403,Rice Pudding
9404,Georgia Spiced Peaches
9405,Baked Rice Pudding
9406,Maple Sponge Candy
9407,Quacker Jack
9408,Spicy Pumpkin Fudge
9409,Chocolate Cookie Mix in a Jar
9410,Chocolate Fudge
9411,Salmon Patties II
9412,Peanut Butter Fudge II
9413,Jalapeno Pepper Jelly
9414,Piccalilli
9415,Rum Balls I
9416,Pumpkin  Nog
9417,Paper-Wrapped Apple Pie II
9418,Bread Pudding I
9419,Cranberry Fudge
9420,Old-Fashioned Chocolate Fudge
9421,Brown Sugar Sauce
9422,Southern Boiled Custard
9423,Hot Spiced Cider
9424,Shortbread Wheels
9425,Blue Ribbon Whipping Cream Pound Cake
9426,Panettone Loaves
9427,Walnut Poteca
9428,Old-Fashioned Hot Fudge Sauce
9429,Grandmother's Boiled Raisin Cake
9430,Jean's Fudge
9431,Instant Russian Tea
9432,Pumpkin Fudge
9433,Christmas Tree Cookies
9434,Easy Microwave Pralines
9435,Almond Crunch
9436,Million Dollar Fudge
9437,Dill Dip
9438,Eggnog Cookies I
9439,"Cheesy, Creamy Company Potatoes"
9440,Sugar Cookies with Buttercream Frosting
9441,Cream Cheese Mints
9442,Chocolate Orange Truffles
9443,Dawn's Candied Walnuts
9444,Grandma Strait's Fudge
9445,Festive Holiday Bark
9446,Children's Gingerbread House
9447,Hasty Pudding
9448,Homemade Creme Liqueur
9449,Homemade Buttercrunch Candy
9450,Glazed Nuts
9451,Fruitcake Cookies
9452,Peanut Butter Logs
9453,Cow Pies
9454,Greek Baklava
9455,Creme Fraiche
9456,Sauerkraut Salad
9457,Caramel Corn IV
9458,Spiced Tea Mix
9459,Unbeatable Pecan Pie
9460,Banana Nut Bread III
9461,Peppermint Brittle
9462,Peanut Butter Marshmallow Squares
9463,Mom's Peanut Brittle
9464,Chocolate Chess Pie
9465,Sweet Potatoes
9466,Oklahoma Nut Candy
9467,Stained Glass Candy I
9468,Hard Rock Candy
9469,Irish Cream Truffle Fudge
9470,White Chocolate Gorp
9471,Peanut Butter Cup Cookies
9472,Coffee Liqueur I
9473,Wassail Punch I
9474,Cherry Surprises
9475,Never Fail Fruit Cake
9476,Vanilla and Chocolate Delight
9477,Cappuccino Mix
9478,Swedish Nuts I
9479,Peppermint Stick Dessert
9480,Best Hot Fudge Sauce
9481,Gingerbread Cookies
9482,Scotch Eggs
9483,Fruitcake Truffles
9484,Grandpa's Special Stuffing
9485,New Orleans Fruitcake
9486,Vegan Pumpkin Nog
9487,Pecan Pie
9488,Anytime Punch
9489,White Chocolate Snack Mix
9490,Brazil Nut Fruitcake
9491,Best Ever Fudge
9492,Wine Jelly
9493,Best Prime Rib Roast
9494,Roasted Chestnuts
9495,Chestnut Souffle
9496,Mock Eggnog
9497,Buckeye Balls I
9498,Holly Christmas Cookies
9499,Delicious Whole Wheat Fruitcake Cookies
9500,Eggnog Cookies II
9501,Hot Apple Cider
9502,Christmas Red and Green Salad
9503,Cream Cheese Christmas Cookies
9504,Cream Cheese and Chopped Dried Beef Ball
9505,Tiramisu Toffee Dessert
9506,Creamy Guilt-Free Fudge
9507,Carrot-Oatmeal Spice Cake
9508,Creamy Dill Dip
9509,Cheese Log
9510,Taffy Apple Salad
9511,White Chocolate Party Mix
9512,Unbaked Fruitcake II
9513,Old-Fashioned Peanut Brittle
9514,Laura's Chocolate Peppermint Sauce
9515,Wassail Punch II
9516,Whipped Shortbread Cookies
9517,Eggnog Cookies III
9518,Persimmon Cookies
9519,Chow Mein Noodle Cookie
9520,Chewy Noels
9521,Chocolate Covered Peppermint Patties
9522,Spiced Nuts I
9523,Vegan Peanut Butter Fudge
9524,Dutch Cookies
9525,Christmas Nut Cake
9526,Duo-Chocolate Fudge
9527,Japanese Fruitcake
9528,Ornament Dough
9529,Sausage Cheese Balls
9530,Irene's Christmas Cheese Dip
9531,Easy Chocolate Mousse
9532,German Chocolate Fudge
9533,Stovetop Marinated Mushrooms
9534,Old-Fashioned Homemade Hard Candy
9535,Twice Baked Potatoes II
9536,Snowballs
9537,Tiger Butter I
9538,Tiger Butter II
9539,Pineapple Fudge
9540,Holiday Wreaths
9541,Artichoke Dip
9542,Creamy Divinity
9543,Apple Bavarian Torte
9544,Baked Apples with Sweet Potato Stuffing
9545,Mock Apple Pie
9546,Christmas Wreaths
9547,Caramel Brownies
9548,Fresh Carrot Souffle
9549,Artichoke Cheese Dip
9550,Cranberry Pudding
9551,Chocolate Peanut Butter Fudge
9552,Frosted Pecan Bites
9553,Puffs
9554,White Chocolate Fudge
9555,Caramel Turtles® Brownies
9556,No Fail Fudge
9557,Raspberry Truffle Fudge
9558,Steamed Christmas Pudding
9559,Potatoes and Carrots
9560,Scalloped Corn and Broccoli
9561,Butternut Kisses
9562,Christmas Snack Mix
9563,Granny's Shortbread Cookies
9564,Christmas Crunch
9565,Easy Coleslaw
9566,Fudge Brownies I
9567,Mountain Cookies I
9568,Refrigerator Cookies I
9569,Neapolitan Cookies I
9570,Peanut Butter Cookies I
9571,Kay's Shortbread
9572,Granola-Raisin Cookies
9573,My Favorite Sugar Cookies
9574,Camping Bars
9575,Double Chocolate Cookies
9576,Chocolate Butter-Creme Frosting
9577,World's Best Oatmeal Cookies
9578,Lace Rolls
9579,Granola-Chocolate Cookies
9580,Granola-Date Cookies
9581,Chocolate/Peanut Butter Drop Cookies
9582,Cinnamon Cookies I
9583,Linzer Torte Cookies
9584,Triple the Ginger Cookies
9585,Toffee Bars
9586,Spritz
9587,Applesauce Raisin Cookies I
9588,Butter Balls I
9589,Chewy Coconut Cookies
9590,Crunches
9591,Everything Cookies I
9592,Oatmeal Cinnamon Drops
9593,Old Fashioned Oatmeal Cookies
9594,One Oh One Cookies
9595,Halloween Cookies
9596,Tea Tassies
9597,Sugar Cookies I
9598,Apple Pie Slices
9599,Quick and Easy Brownies
9600,Sour Cream-Rhubarb Squares
9601,Pumpkin Bars I
9602,Cream Cheese Frosting I
9603,Chocolate and Almond Biscotti
9604,County Fair Elephant Ears
9605,Peanut Butter/Chocolate Chip Cookie Bars
9606,German Chocolate Bars
9607,Snickerdoodle Bars
9608,Triple Fudge Cookies
9609,Cinnamon Bars
9610,Lots o' Cookies
9611,Nutty Chocolate Chip Cookies
9612,Oatmeal Date Cookies
9613,Snowy Pecan Cookies
9614,Candied Christmas Cookies
9615,Healthy Banana Cookies
9616,Grandma M's Raisin Cookies
9617,Amish Cookies
9618,Thumbprint Cookies I
9619,Peanut Butter Thumbprint Cookies I
9620,Crinkles
9621,Frosted Chocolate Coconut Goodies
9622,Quick Chocolate Frosting 
9623,Apple Bars
9624,Aunt Hazel's Apple Oatmeal Cookies
9625,Raisin Sour Cream Bars
9626,Pineapple Drop Cookies I
9627,Easy Oatmeal Cookies
9628,Hawaiian Banana Bars
9629,Old Fashioned Sugar Cookies I
9630,Ghraybeh Cookies
9631,Mexican Bride Cookies
9632,Crispy Almond Cookies
9633,Decadent Bars
9634,Shortbread Cookies I
9635,Brandied Apple Bars
9636,Apple Oatmeal Cookies I
9637,Applesauce Walnut Bars
9638,Vanilla Wafers I
9639,Rum Raisin Cookies
9640,Fructose Sugar Cookies
9641,Rocky Road Bars
9642,Fruit Cookies
9643,Pineapple Coconut Bars
9644,Pecan Bars I
9645,Baklava
9646,Baked Cheesecake Squares
9647,Almond Squares I
9648,Almond Cookies I
9649,Apricot Raisin Cookies
9650,Easy Fudge Brownies
9651,Blueberry Bars
9652,Blueberry Drop Cookies
9653,Brown Sugar Cookies I
9654,Butter Cookies I
9655,Butter Pecan Cookies
9656,Butterscotch Brownies I
9657,Caramel Squares
9658,Chocolate Chip Bars
9659,Chocolate Coconut Bars
9660,Coconut Squares
9661,Chewy Coconut Bars
9662,Coconut Macaroons I
9663,Jumpin' Java Cookies
9664,Cream Cheese Brownies I
9665,Filled Cookies I
9666,Date Bars I
9667,Fruit Drops I
9668,Gingerbread Man Cookies
9669,Gingersnaps IV
9670,Granola Bars I
9671,Filbert Bars
9672,Fruit and Honey Cookies
9673,Raisin Lemon Cookies
9674,Macadamia Nut Cookies
9675,Walnut Cookies I
9676,Sour Cream Chocolate Chip Cookies
9677,Mint Chocolate Cookies
9678,Raisin Peanut Butter Bran Cookies
9679,Classic Chocolate Cookies
9680,Chocolate Peanut Cookies
9681,Jumbo Raisin Spice Cookies
9682,Peanut Butter Chocolate Sandwich Cookies
9683,Chocolate Almond Freezer Cookies
9684,Fortune Cookies I
9685,Sugar Pretzels
9686,Mincemeat Cookies I
9687,Orange Biscotti
9688,Norwegian Butter Cookies
9689,Nutmeg Refrigerator Cookies
9690,Date Filled Cookies
9691,Sour Cream Cookies I
9692,Coconut Chocolate Cookies
9693,Macaroons I
9694,Candied Cherry Macaroons
9695,Almond Macaroons I
9696,Jubilees
9697,Peanut Butter Brownies I
9698,Walnut Brownies
9699,Honey Nut Bars
9700,Scottish Shortbread I
9701,Better than Grandma's Brownies
9702,Orange Marmalade Bars
9703,Crispy Gingersnaps
9704,Noel Bars
9705,Sesame Wafers
9706,Carrot-Orange Bars
9707,Cranberry-Pumpkin Cookies
9708,Squash Cookies
9709,Chocolate Crisps
9710,Pistachio Thins
9712,Canadian Molasses Cookies
9713,Fudge Chunk Brownies
9714,Turtles® Brownies
9715,White Chocolate-Macadamia Bars
9716,Almond Thins
9717,Hazelnut and Almond Cookies
9718,Pine Nut Macaroons
9719,Toasted Sesame Thins
9720,Greek Egg Biscuits
9721,Sicilian Fig Cookies
9722,Pecan Lace Cookies I
9723,Chocolate Oatmeal Bars
9724,Candy Bar Bars
9725,Chocolate Peanut Butter Date Bars
9726,Buttermilk Coconut Bars
9727,Apricot Amaretto Chews
9728,Hazelnut Lace
9729,Pistachio Wreaths
9730,Poinsettia Balls
9731,Fudgies I
9732,Fruit and Spice Rounds
9733,Seattle Macadamia Cookies
9734,Better Than Fruitcake Cookies
9735,Lemon Squares I
9736,Currant Raisin Cookies
9737,Vanilla Crescent Cookies
9738,Ginger and Spice Cookies
9739,Icebox Cookies I
9740,Almond Rolls
9741,Nougat Cookies
9742,Old Fashioned Wreaths
9743,Dark Dreams
9744,Light Dreams
9745,Rosenmunnar
9746,Cinnamon Cocoa Drops
9747,Almond Kisses
9748,Fork Cookies
9749,Spritsar
9750,Coconut Fingers
9751,Swedish Wafers
9752,Apricot Squares
9753,Cashew Caramel Bars
9754,Almond-Raspberry Meringue Bars
9755,Coconut Cake Bars
9756,Chocolate Peanut Butter Bars I
9757,Hermits I
9758,Zucchini Nut Bars
9759,Cream Cheese Brownies II
9760,Mocha Java Bars
9761,Easy Carrot Cake Bars
9762,Oatmeal Cookie Bars
9763,Chocolate Chip Cookie Bars
9764,Cheesecake Bars
9765,Macadamia Nut Lemon Drops
9766,Chunks
9767,Pistachio Crisps
9768,Glazed Apple Cookies
9769,Zucchini Oatmeal Cookies
9770,Zaz's Oatmeal Shortbread
9771,Coffee Cookies
9772,Chocolate Macaroons I
9773,Maple Cookies
9774,Mint Cookie Cookies
9775,Cinnamon Raisin Crescents
9776,Easy Butter Cookies I
9777,No Bake Rum Balls
9778,Baked Date Balls
9779,Chocolate-coconut Pinwheels
9780,Marbled Tarts
9781,Pecan and Sour Cream Sandies
9782,Chocolate Dipped Mocha Rounds
9783,Coconut Rolled Sugar Cookies
9784,Orange Sugar Bells
9785,Apricot Twists
9786,Sour Cream Figure-Eights
9787,Pastel Wafers
9788,Chocolate-Almond Macaroons
9789,Anginetti
9790,Orange-Walnut Butter Cookies
9791,Chocolate-Chunk and Pecan Cookies
9792,Lemon-Marmalade Cookie Sandwiches
9793,Anise Biscotti
9794,Sesame-Almond Macaroons
9795,Digestive Biscuits
9796,Melting Biscuits
9797,Madeira Fingers
9798,Cinnamon Biscuits
9799,Fruit Preserve Sandwich Cookies
9800,Dutch Cinnamon Biscuits
9801,Cardamom Granola Bars
9802,Monster Cookies I
9803,Peanut Blossoms III
9804,Urban Legend Chocolate Chip Cookies
9805,Nice Spice Cookies
9806,Peanut Butter Kiss Cookies
9807,Raspberry Chocolate Supremes
9808,Caramel Pecan Cookies
9809,Rosettes I
9810,Monster Cookies II
9811,Potato Chip Cookies I
9812,Monster Cookies III
9813,Potato Chip Cookies II
9814,Sugar Free Rugelach
9815,Cake Mix Cookies I
9816,Anzac Biscuits I
9817,Apricot Kolaches
9818,Arny Cookies
9819,Easy Chocolate Butterscotch Cookies
9820,Double Nut Chocolate Chip Cookies
9821,White Chocolate Chunk Cookies
9822,Pfeffernusse
9823,Oatmeal Raisin Cookies II
9824,One and a Half Minute Cookies
9825,Peanut Butter Shortbread Cookies
9826,Italian Cookies I
9827,Chocolate Chocolate Chip Cookies I
9828,Sugarless Cookies II
9829,No Bake Peanut Butter Cookies I
9830,Peanut Butter Chocolate Chip Cookies from Heaven
9831,Linda's Awesome Brownies
9832,No Bake Cookies I
9833,Better than Sex Cookies
9834,Light and Chewy Cake Cookies
9835,White Chocolate Macadamia Nut Cookies I
9836,Speculaas
9837,Apple Cookies
9838,Vanilla Glaze
9839,Soft Sugar Cookies I
9840,Sugar Cookie Frosting
9841,Applesauce Cocoa Cookies
9842,Lemon Bars I
9843,Chocolate Mexican Wedding Cookies
9844,Old Fashion Oatmeal Cookies II
9845,Peanut Crunch Bars
9846,No Bake Choco-Peanut-Oatmeal Cookies
9847,Meringue Cookies
9848,Chocolate Toffee Cookies I
9849,Forgotten Cookies I
9850,Meringue Kisses I
9851,Pfeffernuesse Cookie Mix
9852,No Bake Cereal Cookies
9853,Chocolate Crinkles I
9854,White Chocolate Macadamia Nut Cookies II
9855,Special K Cookies
9856,Peanut Butter Crispies I
9857,Peppermint Meringues
9858,Forgotten Party Cookies
9859,Unbaked Chocolate Oatmeal Cookies
9860,Chocolate Scotcheroo Bars
9861,Chocolate Crinkles II
9862,Stained Glass Window Cookies
9863,Mrs. Fields Cookie Recipe I
9864,Cracked Sugar Cookies I
9865,Koulourakia I
9866,Carrot Cookies I
9867,Sour Cream Cut-Outs
9868,Wine Drop Cookies
9869,Peanut Butter Cornflake Crunch Bars
9870,Easy Sugar Cookies
9871,Trillionaire Cookies
9872,Evelyn's Rolled Sugar Cookies
9873,Annemarie's Lemon Bars
9874,Chocolate Mint Brownies
9875,Soft Whole Wheat Sugar Cookies
9876,Chocolate Filled Bon-Bons
9877,Gourmet Shells
9878,Margarita Balls I
9879,Mexican Coffee Balls
9880,Chinese Chews I
9881,Chocolate Covered Cherry Cookies I
9882,Old-Fashioned Soft Sugar Cookies
9883,Snickerdoodles II
9884,Cappuccino Brownies
9885,Chocolate Wafers
9886,No Bake Chocolate Cookies I
9887,Buttertart Squares
9888,Sweet Marie Bars
9889,Seven Layer Bars
9890,Frozen Strawberry Squares
9891,Haystacks I
9892,Food for the Gods
9893,Joe Froggers
9894,Oatmeal Crispies I
9895,Prize-Winning Sugar Cookies
9896,Gumdrop Gems
9897,Gumdrop Tasty Chewies
9898,Sugar-Free Spice Cookies
9899,Tea Cakes I
9900,Polka Dots
9901,Chocolate Brittle Surprise
9902,Macaroon Cookie Bars
9903,Chewy Chocolate Cookies I
9904,Chocolate Toffee Crunch Bars
9905,Easy Soda Cracker Bars
9906,Date Drop Cookies I
9907,Oatmeal Chocolate Chip Cookies I
9908,Waffle Iron Chocolate Cookies
9909,Buckeyes I
9910,One Bowl Brownies
9911,Party Cookies
9912,Granny's Brownies
9913,Shortbread Supreme
9914,Yum Yums
9915,Busia's Cutout Cookies
9916,Chow Clusters
9917,Almond Crescents I
9918,Gumdrop Bars
9919,Choco Peanut Butter Cookies
9920,Peanut Blossoms II
9921,Toasty Macaroons
9922,Springerle I
9923,Forgotten Kisses
9924,Springerle II
9925,Soft Chocolate Chip Cookies I
9926,Cream Cheese Frosting II
9927,Graham Crisps
9928,Hillary Clinton's Chocolate Chip Cookies
9929,Fresh Fig Cookies
9930,Lemon Crisps
9931,Raspberry Squares II
9932,Easy Tootsie Rolls
9933,Pinwheel Cookies I
9934,Praline Strips
9935,Butterscotch Oatmeal Cookies I
9936,Springerle III
9937,Pinwheel Cookies II
9938,Granny's Filled Cookies
9939,Pumpkin Bar Icing
9940,Lebkuchen I
9941,Congo Bars I
9942,Frying Pan Cookies
9943,Coconut-Cornflake Cookies
9944,Beacon Hill Cookies
9945,Scottish Shortbread II
9946,Pizzelles I
9947,Pizzelles II
9948,Chocolate Chip Cookies I
9949,My Favorite Chocolate Chip Cookie
9950,One of Everything
9951,Pope's Valentine Cookies
9952,Sugar Cookie Drops
9953,Hawaiian Macadamia-Coconut Squares
9954,French Butter Cakes (Madeleines)
9955,Lamington Bars
9956,Black and White Cookies I
9957,Haystacks II
9958,World's Best Cookie
9959,Marshmallow Treats
9960,Cinnamon Cookies II
9961,German Spice Cookies
9962,Chocolate Chip Crispies
9963,Mexican Wedding Cakes I
9964,Fortune Cookies II
9965,Mexican Wedding Cakes II
9966,Jesse's Toffee Bars
9967,Zucchini Nut Cookies
9968,Clothes Pin Cookies
9969,Finger Sandwich Butter Cookies
9970,Fortune Cookies III
9971,Chocolate Mint-Filled Cookies
9972,Rum or Bourbon Balls
9973,Rancheros
9974,Chippers
9975,Mini Pecan Tarts
9976,Cookie Mix in a Jar I
9977,Spirit Balls
9978,Giant Crisp Chocolate Chip Cookies
9979,Chocolate Covered Cherry Cookies II
9980,Peanut Butter Oatmeal Cookies
9981,Crisp Oatmeal Cookies
9982,Oatmeal Crispies II
9983,Carl Reiner Cookies
9984,Meringue Kisses II
9985,Peanut Butter Nuggets
9986,Chocolate Peanut Butter Cup Cookies
9987,Vanishing Chocolate Oatmeal Cookies
9988,Swedish Oatmeal Lace
9989,Simple Sugar Cookies
9990,Homemade Chocolate Sandwich Cookies
9991,Faux-reos
9992,Faux-reo Filling
9993,Chocolate Cookies
9994,Chocolate Cookie Buttercream Frosting
9995,Date-Nut and Brown Sugar Bars
9996,Chewy Peanut Butter Chocolate Chip Cookies
9997,Vanille Kipferl I
9998,Flourless Peanut Butter Cookies
9999,Peanut Butter Bars I
